공장명(국가),차종,거래 구분,2016-01,2016-02,2016-03,2016-04,2016-05,2016-06,2016-07,2016-08,2016-09,2016-10,2016-11,2016-12,2017-01,2017-02,2017-03,2017-04,2017-05,2017-06,2017-07,2017-08,2017-09,2017-10,2017-11,2017-12,2018-01,2018-02,2018-03,2018-04,2018-05,2018-06,2018-07,2018-08,2018-09,2018-10,2018-11,2018-12,2019-01,2019-02,2019-03,2019-04,2019-05,2019-06,2019-07,2019-08,2019-09,2019-10,2019-11,2019-12,2020-01,2020-02,2020-03,2020-04,2020-05,2020-06,2020-07,2020-08,2020-09,2020-10,2020-11,2020-12,2021-01,2021-02,2021-03,2021-04,2021-05,2021-06,2021-07,2021-08,2021-09,2021-10,2021-11,2021-12,2022-01,2022-02,2022-03,2022-04,2022-05,2022-06,2022-07,2022-08,2022-09,2022-10,2022-11,2022-12,2023-01,2023-02,2023-03,2023-04,2023-05,2023-06,2023-07,2023-08,2023-09,2023-10,2023-11,2023-12,2024-01,2024-02,2024-03,2024-04,2024-05,2024-06,2024-07,2024-08,2024-09,2024-10,2024-11,2024-12,2025-01,2025-02
인도,Eon,내수,5431,5539,5460,5417,3634,3600,3792,3990,4504,5810,5658,6790,5047,5500,5747,5379,5330,4231,4032,4058,5144,6350,5137,5672,6111,4551,4500,4663,4609,4270,3746,3916,5309,5,1,0,0,0,0,0,0,0,0,0,0,0,0,0,0,0,0,0,0,0,0,0,0,0,0,0,0,0,0,0,0,0,0,0,0,0,0,0,0,0,0,0,0,0,0,0,0,0,0,0,0,0,0,0,0,0,0,0,0,0,0,0,0,0,0,0,0,0,0,0,0,0,0,0,0,0
인도,Santro (AH2),내수,0,0,0,0,0,0,0,0,0,0,0,0,0,0,0,0,0,0,0,0,0,0,0,0,0,0,0,0,0,0,0,0,0,8535,9009,7197,8000,6875,8280,6906,4902,4141,5309,3288,3502,5855,3851,3820,3671,4200,2169,0,157,1513,1351,2395,3034,3463,2822,1960,2211,2128,2165,2683,1122,2039,1949,1731,1798,2877,2141,1298,1252,2393,2494,1793,2608,7,3,0,0,0,0,0,0,0,0,0,0,0,0,0,0,0,0,0,0,0,0,0,0,0,0,0,0,0,0,0,0,0
인도,i10,내수,1455,2128,1980,1700,1854,1100,1335,1234,1389,2450,2471,856,0,0,0,0,0,0,0,0,0,0,0,0,0,0,0,0,0,0,0,0,0,0,0,0,0,0,0,0,0,0,0,0,0,0,0,0,0,0,0,0,0,0,0,0,0,0,0,0,0,0,0,0,0,0,0,0,0,0,0,0,0,0,0,0,0,0,0,0,0,0,0,0,0,0,0,0,0,0,0,0,0,0,0,0,0,0,0,0,0,0,0,0,0,0,0,0,0,0
인도,i10 (BA 5DR),내수,0,0,0,0,0,0,0,0,0,0,0,0,0,0,0,0,0,0,0,0,0,0,0,0,0,0,0,0,0,0,0,0,0,0,0,0,10285,9065,7225,9610,8102,6907,3719,2698,4061,3403,2118,2144,2468,1800,192,0,12,417,506,672,12,3,0,0,0,0,0,0,0,0,0,0,0,0,0,0,0,0,0,0,0,0,0,0,0,0,0,0,0,0,0,0,0,0,0,0,0,0,0,0,0,0,0,0,0,0,0,0,0,0,0,0,0,0
인도,i10(BA 4DR),내수,0,0,0,0,0,0,0,0,0,0,0,0,0,0,0,0,0,0,0,0,0,0,0,0,0,0,0,0,0,0,0,0,0,0,0,0,2121,1924,1792,1463,1694,2172,1430,1316,1164,1388,1612,1139,0,0,0,0,0,0,0,0,0,0,0,0,0,0,0,0,0,0,0,0,0,0,0,0,0,0,0,0,0,0,0,0,0,0,0,0,0,0,0,0,0,0,0,0,0,0,0,0,0,0,0,0,0,0,0,0,0,0,0,0,0,0
인도,i10(AI3),내수,0,0,0,0,0,0,0,0,0,0,0,0,0,0,0,0,0,0,0,0,0,0,0,0,0,0,0,0,0,0,0,0,0,0,0,0,0,0,0,0,0,0,1362,6705,5297,6470,8068,5454,0,0,0,0,0,0,0,0,0,0,0,0,0,0,0,0,0,0,0,0,0,0,0,0,0,0,0,0,0,0,0,0,0,0,0,0,0,0,0,0,0,0,0,0,0,0,0,0,0,0,0,0,0,0,0,0,0,0,0,0,0,0
인도,Aura (AI3 4DR),내수,0,0,0,0,0,0,0,0,0,0,0,0,0,0,0,0,0,0,0,0,0,0,0,0,0,0,0,0,0,0,0,0,0,0,0,0,0,0,0,0,0,0,0,0,0,0,0,0,6001,4896,2615,0,349,1016,1839,3117,3682,5540,2990,3065,4140,4159,3915,3288,1627,3088,3984,2950,2654,2355,2175,1685,3017,3406,3417,3803,3146,4099,4018,4378,4239,4248,3813,4156,4634,5524,3774,5085,4707,4907,4514,4892,3900,4096,3850,3812,0,0,0,0,0,0,0,0,0,0,0,0,0,0
인도,NIOS (AI3 5DR),내수,0,0,0,0,0,0,0,0,0,0,0,0,0,0,0,0,0,0,0,0,0,0,0,0,0,0,0,0,0,0,0,0,0,0,0,0,0,0,0,0,0,0,0,0,0,0,0,0,6306,8607,4101,0,706,3176,7862,9518,10373,14000,10936,10263,10865,10270,11020,11540,3804,8787,9379,8023,4168,6042,5466,6151,6841,8552,9687,9123,9138,8992,10000,9274,9459,8855,7961,8340,8760,9635,9304,6839,6385,6321,5337,7306,5223,6552,4708,5247,0,0,0,0,0,0,0,0,0,0,0,0,0,0
인도,Xcent (AI3 4DR),내수,0,0,0,0,0,0,0,0,0,0,0,0,0,0,0,0,0,0,0,0,0,0,0,0,0,0,0,0,0,0,0,0,0,0,0,0,0,0,0,0,0,0,0,0,0,0,0,0,690,72,0,0,0,0,0,111,200,37,73,48,43,141,108,59,10,38,50,144,208,346,387,30,316,262,358,232,165,3,0,0,0,0,0,0,0,0,0,0,0,0,0,0,0,0,0,0,5516,5053,4883,4526,4433,4299,4757,4304,4462,4805,4248,3852,5388,4797
인도,Grand i10(BA),내수,9934,8898,9544,9840,12055,12678,11961,12957,12212,14530,11059,10519,13010,12862,12545,12001,12984,12317,12002,12306,14099,14417,13249,0,12109,10198,12476,12174,10939,10343,10775,11489,11224,11820,9252,11450,0,0,0,0,0,0,0,0,0,0,0,0,0,0,0,0,0,0,0,0,0,0,0,0,0,0,0,0,0,0,0,0,0,0,0,0,0,0,0,0,0,0,0,0,0,0,0,0,0,0,0,0,0,0,0,0,0,0,0,0,0,0,0,0,0,0,0,0,0,0,0,0,0,0
인도,Grand i10(4DR),내수,3708,4193,3761,4200,4701,3800,4585,4316,3896,5015,3623,3993,3351,3348,2786,4446,3804,3425,4219,3467,3609,3491,2841,12955,3363,2768,3200,3712,3673,4199,4114,4981,4105,3143,2495,1723,0,0,0,0,0,0,0,0,0,0,0,0,0,0,0,0,0,0,0,0,0,0,0,0,0,0,0,0,0,0,0,0,0,0,0,0,0,0,0,0,0,0,0,0,0,0,0,0,0,0,0,0,0,0,0,0,0,0,0,0,0,0,0,0,0,0,0,0,0,0,0,0,0,0
인도,Grand i10 (AI3 5DR),내수,0,0,0,0,0,0,0,0,0,0,0,0,0,0,0,0,0,0,0,0,0,0,0,0,0,0,0,0,0,0,0,0,0,0,0,0,0,0,0,0,0,0,0,0,0,0,0,0,0,0,0,0,0,0,0,0,0,0,0,0,0,0,0,0,0,0,0,0,0,0,0,0,0,0,0,0,0,0,0,0,0,0,0,0,0,0,0,0,0,0,0,0,0,0,0,0,6865,4947,5034,5117,5328,4948,4922,5365,5103,6235,5667,4489,5311,4940
인도,i20(IB),내수,8250,8419,8713,9400,8600,7250,8205,9146,8460,9600,7601,8450,10010,8814,10644,10865,9257,9008,10017,10286,10105,9484,9000,2706,8522,12140,12199,11266,9595,10265,9852,10492,11244,11607,9615,11100,0,0,0,0,0,0,0,0,0,0,0,0,0,0,0,0,0,0,0,0,0,0,0,0,0,0,0,0,0,0,0,0,0,0,0,0,0,0,0,0,0,0,0,0,0,0,0,0,0,0,0,0,0,0,0,0,0,0,0,0,0,0,0,0,0,0,0,0,0,0,0,0,0,0
인도,i20 (IB 5DR),내수,0,0,0,0,0,0,0,0,0,0,0,0,0,0,0,0,0,0,0,0,0,0,0,0,0,0,0,0,0,0,0,0,0,0,0,0,10797,10752,11552,10016,8711,9000,8563,6740,9679,13915,10279,7720,8137,8766,3455,0,878,2718,6344,7765,9852,194,0,4,0,0,0,0,0,0,0,0,0,0,0,0,0,0,0,0,0,0,0,0,0,0,0,0,0,0,0,0,0,0,0,0,0,0,0,0,0,0,0,0,0,0,0,0,0,0,0,0,0,0
인도,i20 (BI3 5DR),내수,0,0,0,0,0,0,0,0,0,0,0,0,0,0,0,0,0,0,0,0,0,0,0,0,0,0,0,0,0,0,0,0,0,0,0,0,0,0,0,0,0,0,0,0,0,0,0,0,0,0,0,0,0,0,0,0,0,8205,9096,8000,8505,9001,9045,5002,3440,6333,6518,7340,5153,4414,4391,3150,6505,5830,4693,4707,4463,7921,6873,7558,7275,7814,7236,4697,8185,9287,6596,6472,6094,6162,5001,4896,6481,7212,5727,4574,7083,5131,5155,5199,5169,5315,4937,4913,4428,5354,3925,3453,4741,3627
인도,i20(IB Cross),내수,1354,1783,1934,1747,1872,1740,1705,1865,1794,1932,1316,1353,1450,1600,1750,1803,1410,1601,1373,1546,1469,1528,1236,8770,1128,1238,1120,1103,1069,997,970,983,1136,1683,940,840,952,795,620,395,247,271,449,331,462,768,167,20,0,0,0,0,0,0,0,0,0,0,0,0,0,0,0,0,0,0,0,0,0,0,0,0,0,0,0,0,0,0,0,0,0,0,0,0,0,0,0,0,0,0,0,0,0,0,0,0,0,0,0,0,0,0,0,0,0,0,0,0,0,0
인도,Accent(RB),내수,1224,1368,1520,2050,1502,1800,1614,948,1185,1455,931,864,897,808,870,682,563,326,520,14,1,0,0,1077,0,0,0,0,0,0,0,0,0,0,0,0,0,0,0,0,0,0,0,0,0,0,0,0,0,0,0,0,0,0,0,0,0,0,0,0,0,0,0,0,0,0,0,0,0,0,0,0,0,0,0,0,0,0,0,0,0,0,0,0,0,0,0,0,0,0,0,0,0,0,0,0,0,0,0,0,0,0,0,0,0,0,0,0,0,0
인도,Accent(HCi),내수,0,0,0,0,0,0,0,0,0,0,0,0,0,0,0,0,0,0,0,4765,6053,4665,3787,0,4601,4001,4151,4077,3801,3901,3351,3361,3501,3301,2558,2001,3216,3299,3201,2932,2567,2271,1890,1597,1738,2174,2010,1295,0,0,0,0,0,0,0,0,0,0,0,0,0,0,0,0,0,0,0,0,0,0,0,0,0,0,0,0,0,0,0,0,0,0,0,0,0,0,0,0,0,0,0,0,0,0,0,0,0,0,0,0,0,0,0,0,0,0,0,0,0,0
인도,Elantra(MD),내수,42,114,74,71,44,112,0,0,0,0,0,0,0,0,0,0,0,0,0,0,0,0,0,1953,0,0,0,0,0,0,0,0,0,0,0,0,0,0,0,0,0,0,0,0,0,0,0,0,0,0,0,0,0,0,0,0,0,0,0,0,0,0,0,0,0,0,0,0,0,0,0,0,0,0,0,0,0,0,0,0,0,0,0,0,0,0,0,0,0,0,0,0,0,0,0,0,0,0,0,0,0,0,0,0,0,0,0,0,0,0
인도,Elantra(AD),내수,0,0,0,0,0,0,0,272,302,334,264,212,184,217,247,227,189,159,158,251,170,184,144,0,175,151,151,150,149,137,100,68,91,115,78,50,68,82,86,85,105,60,54,41,94,59,34,23,63,46,28,0,6,15,20,26,24,46,38,15,32,40,53,53,9,29,15,20,41,11,0,0,0,0,0,0,0,0,0,0,0,0,0,0,0,0,0,0,0,0,0,0,0,0,0,0,0,0,0,0,0,0,0,0,0,0,0,0,0,0
인도,Verna (Hci),내수,0,0,0,0,0,0,0,0,0,0,0,0,0,0,0,0,0,0,0,0,0,0,0,0,0,0,0,0,0,0,0,0,0,0,0,0,0,0,0,0,7049,8763,9585,9342,7942,8576,9665,9521,957,570,893,0,317,1083,1906,2015,2228,2166,1487,1036,2000,2047,2778,2552,1181,2181,1827,2098,879,2438,1648,982,1622,1058,1586,781,1488,1703,1870,1734,1654,2179,2025,1538,995,47,0,0,0,0,0,0,0,0,0,0,0,0,0,0,0,0,0,0,0,0,0,0,0,0
인도,Verna (BN7i),내수,0,0,0,0,0,0,0,0,0,0,0,0,0,0,0,0,0,0,0,0,0,0,0,0,0,0,0,0,0,0,0,0,0,0,0,0,0,0,0,0,0,0,0,0,0,0,0,0,0,0,0,0,0,0,0,0,0,0,0,0,0,0,0,0,0,0,0,0,0,0,0,0,0,0,0,0,0,0,0,0,0,0,0,0,0,0,3755,4001,3687,4001,2858,2576,2610,2313,1701,712,2168,1678,1712,1571,1381,1424,1420,1194,1198,1272,1213,872,1477,1207
인도,Exter (AI3 SUV),내수,0,0,0,0,0,0,0,0,0,0,0,0,0,0,0,0,0,0,0,0,0,0,0,0,0,0,0,0,0,0,0,0,0,0,0,0,0,0,0,0,0,0,0,0,0,0,0,0,0,0,0,0,0,0,0,0,0,0,0,0,0,0,0,0,0,0,0,0,0,0,0,0,0,0,0,0,0,0,0,0,0,0,0,0,0,0,0,0,0,0,7000,7430,8647,8097,8325,7514,8229,7582,8475,7756,7697,6908,6037,6632,6908,7127,5747,5270,6068,5361
인도,Venue (QXi),내수,0,0,0,0,0,0,0,0,0,0,0,0,0,0,0,0,0,0,0,0,0,0,0,0,0,0,0,0,0,0,0,0,0,0,0,0,0,0,0,0,0,0,0,0,0,0,0,0,6733,10321,6127,0,1242,4129,6734,8267,8469,8828,9265,12313,11779,11224,10722,11245,4840,4865,8185,8377,7924,10554,7932,10360,11377,10212,9220,8392,8300,10321,12000,11240,11033,9585,10738,8285,10738,9997,10024,10342,10213,11606,10062,10948,12204,11581,11180,10383,11831,8933,9614,9120,9327,9890,8840,9085,10259,10901,9754,10265,11106,10125
인도,Creta (GSi),내수,6589,8196,8163,7900,7057,7700,7981,8450,8835,8670,6822,6563,7918,9002,10001,9213,8377,6436,10556,10158,9292,9248,8528,114,9284,9278,10011,9390,11004,11111,10423,10394,11000,11702,9677,7631,10314,10206,11448,10487,9054,8334,6585,6001,6641,7269,6684,6713,6900,188,3,0,0,0,0,0,0,0,0,0,0,0,0,0,0,0,0,0,0,0,0,0,9869,9606,10532,12651,10973,13790,12625,12577,12866,11880,13321,10205,0,0,0,0,0,0,0,0,0,0,0,0,13212,15276,16458,15447,14662,16293,17350,16762,15902,17497,15452,12608,16787,15356
인도,Creta(SU2i),내수,0,0,0,0,0,0,0,0,0,0,0,0,0,0,0,0,0,0,0,0,0,0,0,0,0,0,0,0,0,0,0,0,0,0,0,0,0,0,0,0,0,0,0,0,0,0,0,0,0,512,6703,0,3212,7207,11549,11758,12325,14023,12017,10592,12284,12428,12640,12463,7527,9941,13000,12597,8193,6455,10300,7609,0,0,0,0,0,0,0,0,0,0,0,0,15037,10421,14026,14186,14449,14447,14062,13832,12717,13077,11814,9243,0,0,0,0,0,0,0,0,0,0,0,0,0,0
인도,Creta (SU2i EV),내수,0,0,0,0,0,0,0,0,0,0,0,0,0,0,0,0,0,0,0,0,0,0,0,0,0,0,0,0,0,0,0,0,0,0,0,0,0,0,0,0,0,0,0,0,0,0,0,0,0,0,0,0,0,0,0,0,0,0,0,0,0,0,0,0,0,0,0,0,0,0,0,0,0,0,0,0,0,0,0,0,0,0,0,0,0,0,0,0,0,0,0,0,0,0,0,0,0,0,0,0,0,0,0,0,0,0,0,0,1735,961
인도,Creta (SU2i LWB),내수,0,0,0,0,0,0,0,0,0,0,0,0,0,0,0,0,0,0,0,0,0,0,0,0,0,0,0,0,0,0,0,0,0,0,0,0,0,0,0,0,0,0,0,0,0,0,0,0,0,0,0,0,0,0,0,0,0,0,0,0,0,0,0,0,1360,3103,3001,3468,1929,1392,2453,1002,3168,2516,2502,2422,1947,1986,2888,2304,2643,2847,2566,1478,1537,1559,2519,2037,2443,2119,1443,1493,1977,1837,1913,954,1827,1290,1420,1219,944,882,585,1105,2712,2204,2134,1342,1310,1264
인도,Kona EV (OSi EV),내수,0,0,0,0,0,0,0,0,0,0,0,0,0,0,0,0,0,0,0,0,0,0,0,0,0,0,0,0,0,0,0,0,0,0,0,0,0,0,0,0,0,25,17,88,47,50,53,12,39,32,14,0,4,16,26,26,29,13,0,24,21,10,11,12,7,7,23,1,1,18,0,10,7,43,2,50,64,179,53,102,112,106,95,120,40,0,0,0,84,75,60,91,69,44,19,19,102,86,71,0,0,0,0,0,0,0,0,0,0,0
인도,IONIQ5 (NEi),내수,0,0,0,0,0,0,0,0,0,0,0,0,0,0,0,0,0,0,0,0,0,0,0,0,0,0,0,0,0,0,0,0,0,0,0,0,0,0,0,0,0,0,0,0,0,0,0,0,0,0,0,0,0,0,0,0,0,0,0,0,0,0,0,0,0,0,0,0,0,0,0,0,0,0,0,0,0,0,0,0,0,0,0,0,0,33,21,189,160,100,125,130,176,117,96,81,95,66,65,45,42,30,35,40,31,32,22,24,16,16
인도,Tucson(TL),내수,0,0,0,0,0,0,0,0,0,200,261,424,148,161,146,121,86,56,116,251,86,185,122,6755,215,180,201,200,169,148,150,117,171,90,84,101,50,112,146,111,71,63,47,58,78,83,59,92,37,0,0,0,0,30,63,139,85,87,76,80,125,152,143,105,74,85,111,117,139,119,108,35,48,172,109,47,1,0,0,0,0,0,0,0,0,0,0,0,0,0,0,0,0,0,0,0,0,0,0,0,0,0,0,0,0,0,0,0,0,0
인도,Tucson (NX4i),내수,0,0,0,0,0,0,0,0,0,0,0,0,0,0,0,0,0,0,0,0,0,0,0,0,0,0,0,0,0,0,0,0,0,0,0,0,0,0,0,0,0,0,0,0,0,0,0,0,0,0,0,0,0,0,0,0,0,0,0,0,0,0,0,0,0,0,0,0,0,0,0,0,0,0,0,0,0,0,170,343,419,487,247,12,180,498,581,550,379,263,239,236,237,202,118,209,183,157,110,201,168,114,129,125,98,141,84,33,64,73
인도,Santa Fe,내수,29,78,52,26,32,26,23,23,28,20,10,33,2,15,21,21,7,3,14,1,0,0,0,156,0,0,0,0,0,0,0,0,0,0,0,0,0,0,0,0,0,0,0,0,0,0,0,0,0,0,0,0,0,0,0,0,0,0,0,0,0,0,0,0,0,0,0,0,0,0,0,0,0,0,0,0,0,0,0,0,0,0,0,0,0,0,0,0,0,0,0,0,0,0,0,0,0,0,0,0,0,0,0,0,0,0,0,0,0,0
인도,Eon,수출,355,1493,1227,2047,1532,1945,1401,1876,983,150,801,1231,849,1443,867,939,311,777,897,358,953,1050,130,826,190,175,207,227,553,237,322,132,472,7,0,0,0,0,0,0,0,0,0,0,0,0,0,0,0,0,0,0,0,0,0,0,0,0,0,0,0,0,0,0,0,0,0,0,0,0,0,0,0,0,0,0,0,0,0,0,0,0,0,0,0,0,0,0,0,0,0,0,0,0,0,0,0,0,0,0,0,0,0,0,0,0,0,0,0,0
인도,Santro (AH2),수출,0,0,0,0,0,0,0,0,0,0,0,0,0,0,0,0,0,0,0,0,0,0,0,0,0,0,0,0,0,0,0,0,0,2,0,30,260,90,308,241,612,633,758,1528,1312,1042,937,324,141,296,375,26,141,240,267,151,611,362,209,812,873,766,1258,1040,326,1004,1856,1031,897,478,733,1849,1589,771,1329,3339,1573,100,0,0,0,0,0,0,0,0,0,0,0,0,0,0,0,0,0,0,0,0,0,0,0,0,0,0,0,0,0,0,0,0
인도,i10,수출,391,353,403,1197,1139,1065,1042,1296,2425,4876,95,0,0,0,0,0,0,0,0,0,0,0,0,0,0,0,0,0,0,0,0,0,0,0,0,0,0,0,0,0,0,0,0,0,0,0,0,0,0,0,0,0,0,0,0,0,0,0,0,0,0,0,0,0,0,0,0,0,0,0,0,0,0,0,0,0,0,0,0,0,0,0,0,0,0,0,0,0,0,0,0,0,0,0,0,0,0,0,0,0,0,0,0,0,0,0,0,0,0,0
인도,Grand i10(BA),수출,1572,2223,2982,3253,4544,4281,3560,4362,4162,4010,5390,5550,3220,3328,3179,3278,2697,3588,3486,3219,3451,4351,4319,5357,4046,3584,3531,4309,4909,6085,5446,3439,5103,3817,3863,1779,0,0,0,0,0,0,0,0,0,0,0,0,0,0,0,0,0,0,0,0,0,0,0,0,0,0,0,0,0,0,0,0,0,0,0,0,0,0,0,0,0,0,0,0,0,0,0,0,0,0,0,0,0,0,0,0,0,0,0,0,0,0,0,0,0,0,0,0,0,0,0,0,0,0
인도,Grand i10(4DR),수출,1527,2051,1962,2200,2126,2502,2246,2562,3099,825,3904,3608,1333,2336,2092,1849,1456,2091,1599,2765,2253,1603,1065,1968,1120,399,1297,1786,1655,1732,1450,1496,1868,1447,2110,2218,0,0,0,0,0,0,0,0,0,0,0,0,0,0,0,0,0,0,0,0,0,0,0,0,0,0,0,0,0,0,0,0,0,0,0,0,0,0,0,0,0,0,0,0,0,0,0,0,0,0,0,0,0,0,0,0,0,0,0,0,0,0,0,0,0,0,0,0,0,0,0,0,0,0
인도,i10(BA 5DR),수출,0,0,0,0,0,0,0,0,0,0,0,0,0,0,0,0,0,0,0,0,0,0,0,0,0,0,0,0,0,0,0,0,0,0,0,0,865,2792,2977,3566,4689,3170,1787,2208,3281,2884,762,943,568,151,0,0,43,59,3,35,122,4,0,0,2,0,0,0,0,0,0,0,0,0,0,0,0,0,0,0,0,0,0,0,0,0,0,0,0,0,0,0,0,0,0,0,0,0,0,0,0,0,0,0,0,0,0,0,0,0,0,0,0,0
인도,i10(BA 4DR),수출,0,0,0,0,0,0,0,0,0,0,0,0,0,0,0,0,0,0,0,0,0,0,0,0,0,0,0,0,0,0,0,0,0,0,0,0,778,1396,1879,1101,1602,1580,1804,2758,2294,1576,3367,660,0,0,0,0,0,0,0,0,0,0,0,0,0,0,0,0,0,0,0,0,0,0,0,0,0,0,0,0,0,0,0,0,0,0,0,0,0,0,0,0,0,0,0,0,0,0,0,0,0,0,0,0,0,0,0,0,0,0,0,0,0,0
인도,i10(AI35),수출,0,0,0,0,0,0,0,0,0,0,0,0,0,0,0,0,0,0,0,0,0,0,0,0,0,0,0,0,0,0,0,0,0,0,0,0,0,0,0,0,0,0,0,2,2,2,2,1,0,0,0,0,0,0,0,0,0,0,0,0,0,0,0,0,0,0,0,0,0,0,0,0,0,0,0,0,0,0,0,0,0,0,0,0,0,0,0,0,0,0,0,0,0,0,0,0,0,0,0,0,0,0,0,0,0,0,0,0,0,0
인도,Aura (AI3 4DR),수출,0,0,0,0,0,0,0,0,0,0,0,0,0,0,0,0,0,0,0,0,0,0,0,0,0,0,0,0,0,0,0,0,0,0,0,0,0,0,0,0,0,0,0,0,0,0,0,999,15,0,0,224,742,949,1091,948,1102,991,994,1208,821,930,725,2078,1196,1794,1482,1347,807,791,1351,1316,0,0,0,0,0,0,0,0,0,0,0,0,0,0,0,0,0,0,0,0,0,0,0,0,0,0,0,0,0,0,0,0,0,0,0,0,0,0
인도,NIOS (AI3 5DR),수출,0,0,0,0,0,0,0,0,0,0,0,0,0,0,0,0,0,0,0,0,0,0,0,0,0,0,0,0,0,0,0,0,0,0,0,0,0,0,0,0,0,0,0,0,0,0,0,48,436,30,0,0,734,708,847,1159,1051,1671,2269,3464,1754,1936,2711,1282,1508,2999,3081,2555,2034,920,2202,3089,0,4,151,453,446,811,20,0,0,0,0,0,0,0,0,0,0,0,0,0,0,0,0,0,0,0,0,0,0,0,0,0,0,0,0,0,0,0
인도,Xcent(BA 4DR),수출,0,0,0,0,0,0,0,0,0,0,0,0,0,0,0,0,0,0,0,0,0,0,0,0,0,0,0,0,0,0,0,0,0,0,0,0,0,0,0,0,0,0,0,0,0,0,0,5117,49,270,0,0,271,219,0,14,0,0,130,270,80,120,160,0,0,0,0,0,0,0,0,0,1118,792,1633,534,315,2499,2355,1400,1932,1450,3014,2540,1099,727,2311,1149,1039,2703,2963,3023,4124,3526,3083,2955,0,0,0,0,0,0,0,0,0,0,0,0,0,0
인도,Xcent(BA 5DR),수출,0,0,0,0,0,0,0,0,0,0,0,0,0,0,0,0,0,0,0,0,0,0,0,0,0,0,0,0,0,0,0,0,0,0,0,0,0,0,0,0,0,0,0,0,0,0,0,711,0,0,0,0,0,0,0,0,0,0,0,0,0,0,0,0,0,0,0,0,0,0,0,0,1647,893,1512,1526,1105,3165,3257,2896,2660,2300,4374,3782,1727,2425,1447,798,2307,3515,4448,4421,3803,3474,3946,3333,0,0,0,0,0,0,0,0,0,0,0,0,0,0
인도,Xcent (AI3 4DR),수출,0,0,0,0,0,0,0,0,0,0,0,0,0,0,0,0,0,0,0,0,0,0,0,0,0,0,0,0,0,0,0,0,0,0,0,0,0,0,0,0,0,0,0,0,0,0,0,3379,0,0,0,0,0,0,0,0,0,0,0,0,0,0,0,0,0,0,0,0,0,0,0,0,0,0,0,0,0,0,0,0,0,0,0,0,0,0,0,0,0,0,0,0,0,0,0,0,1452,1394,2701,3407,2950,2700,2685,2564,2537,2173,2153,2423,2776,2590
인도,Grand i10 (AI3 5DR),수출,0,0,0,0,0,0,0,0,0,0,0,0,0,0,0,0,0,0,0,0,0,0,0,0,0,0,0,0,0,0,0,0,0,0,0,0,0,0,0,0,0,0,0,0,0,0,0,0,0,0,0,0,0,0,0,0,0,0,0,0,0,0,0,0,0,0,0,0,0,0,0,0,0,0,0,0,0,0,0,0,0,0,0,0,0,0,0,0,0,0,0,0,0,0,0,0,2821,3480,2675,2925,3671,3704,4564,4395,3388,4707,3376,4072,2846,3357
인도,i20(IB),수출,0,0,0,136,0,0,0,0,0,0,0,0,0,0,0,0,0,0,0,0,0,0,0,0,0,0,0,0,0,0,0,0,0,0,0,0,0,0,0,0,0,0,0,0,0,0,0,0,0,0,0,0,0,0,0,0,0,0,0,0,0,0,0,0,0,0,0,0,0,0,0,0,0,0,0,0,0,0,0,0,0,0,0,0,0,0,0,0,0,0,0,0,0,0,0,0,0,0,0,0,0,0,0,0,0,0,0,0,0,0
인도,i20(IB 5DR),수출,224,87,352,411,904,591,381,441,553,567,1122,1303,591,493,356,558,581,1047,1342,1447,845,1511,1372,498,65,1482,1748,1530,1124,883,1759,1247,1176,1094,513,214,135,976,2142,2048,428,1977,2266,772,752,716,423,0,16,10,5,0,528,551,49,291,591,1577,680,1,0,0,0,0,0,0,0,0,0,0,0,0,280,301,606,696,138,751,872,680,639,547,524,1699,1117,427,276,286,410,851,856,1169,675,880,39,83,226,407,577,265,887,410,375,587,532,512,1045,95,157,404
인도,i20 (BI3 5DR),수출,0,0,0,0,0,0,0,0,0,0,0,0,0,0,0,0,0,0,0,0,0,0,0,0,0,0,0,0,0,0,0,0,0,0,0,0,0,0,0,0,0,0,0,0,0,0,0,0,0,0,0,0,0,0,0,0,0,1,2,168,104,162,1154,763,247,828,345,541,316,302,128,260,0,0,0,0,0,0,0,0,0,0,0,0,0,0,0,0,0,0,0,0,0,0,0,0,0,0,0,0,0,0,0,0,0,0,0,0,0,0
인도,i20(IB Cross),수출,266,378,586,610,203,461,518,211,729,169,701,570,506,416,628,654,173,590,434,573,360,398,217,371,67,128,707,432,245,796,474,350,367,308,101,268,233,264,48,281,111,152,326,407,217,215,124,0,64,23,56,3,25,32,5,96,87,34,0,0,0,0,0,0,0,0,0,0,0,0,0,0,0,0,0,0,0,0,0,0,0,0,0,0,0,0,0,0,0,0,0,0,0,0,0,0,0,0,0,0,0,0,0,0,0,0,0,0,0,0
인도,Accent(RB),수출,0,0,0,0,0,0,10,10,0,0,0,0,0,0,0,0,1,0,0,0,0,0,0,0,0,0,0,0,0,0,0,0,0,0,0,0,0,0,0,0,0,0,0,0,0,0,0,0,0,0,0,0,0,0,0,0,0,0,0,0,0,0,0,0,0,0,0,0,0,0,0,0,0,0,0,0,0,0,0,0,0,0,0,0,0,0,0,0,0,0,0,0,0,0,0,0,0,0,0,0,0,0,0,0,0,0,0,0,0,0
인도,Accent(HC),수출,0,0,0,0,0,0,0,0,0,0,0,0,0,0,0,0,0,0,0,0,14,0,2032,7659,2095,1481,1488,1242,868,2140,2868,5239,3496,3870,3831,3133,5156,2754,5682,6516,6232,4953,6683,5091,5297,4233,6296,0,0,0,0,0,0,0,0,0,0,0,0,0,0,0,0,0,0,0,0,0,0,0,0,0,0,0,0,0,0,0,0,0,0,0,0,0,0,0,0,0,0,0,0,0,0,0,0,0,0,0,0,0,0,0,0,0,0,0,0,0,0,0
인도,Verna (Hci),수출,0,0,0,0,0,0,0,0,0,0,0,0,0,0,0,0,0,0,0,0,0,0,0,0,0,0,0,0,0,0,0,0,0,0,0,0,0,0,0,0,0,0,0,0,0,0,0,0,4496,2510,2641,554,2761,2542,192,2806,2805,4129,2696,7301,2459,2504,1462,972,1401,2463,1929,3761,4604,1797,2374,4084,1926,3506,2282,1513,2838,3048,3998,4094,4190,2694,3940,5630,3509,2243,3291,3973,5198,3149,8,0,0,0,0,0,0,0,0,0,0,0,0,0,0,0,0,0,0,0
인도,Verna (BN7i),수출,0,0,0,0,0,0,0,0,0,0,0,0,0,0,0,0,0,0,0,0,0,0,0,0,0,0,0,0,0,0,0,0,0,0,0,0,0,0,0,0,0,0,0,0,0,0,0,0,0,0,0,0,0,0,0,0,0,0,0,0,0,0,0,0,0,0,0,0,0,0,0,0,0,0,0,0,0,0,0,0,0,0,0,0,0,0,0,0,1,2485,5100,5403,5482,3663,6977,5886,4845,3475,4730,4499,4047,5416,4673,3563,4863,4641,4031,4054,4435,3105
인도,Exter(AI3 SUV),수출,0,0,0,0,0,0,0,0,0,0,0,0,0,0,0,0,0,0,0,0,0,0,0,0,0,0,0,0,0,0,0,0,0,0,0,0,0,0,0,0,0,0,0,0,0,0,0,0,0,0,0,0,0,0,0,0,0,0,0,0,0,0,0,0,0,0,0,0,0,0,0,0,0,0,0,0,0,0,0,0,0,0,0,0,0,0,0,0,0,0,0,1,0,0,0,0,29,26,40,13,2,5,1008,1009,733,919,1165,553,54,97
인도,Venue(QXi),수출,0,0,0,0,0,0,0,0,0,0,0,0,0,0,0,0,0,0,0,0,0,0,0,0,0,0,0,0,0,0,0,0,0,0,0,0,0,0,0,0,0,0,0,0,0,0,0,0,1260,1072,394,465,346,46,374,81,519,559,508,479,407,644,979,921,110,748,874,735,1016,253,246,765,499,1051,907,942,553,2,0,459,554,498,1335,879,1249,1021,498,1006,1025,1511,1176,1912,1812,1096,671,397,172,701,929,1449,1279,1015,591,1104,719,501,264,429,381,481
인도,QX,수출,0,0,0,0,0,0,0,0,0,0,0,0,0,0,0,0,0,0,0,0,0,0,0,0,0,0,0,0,0,0,0,0,0,0,0,0,0,0,0,0,0,1,232,255,585,516,1581,0,0,0,0,0,0,0,0,0,0,0,0,0,0,0,0,0,0,0,0,0,0,0,0,0,0,0,0,0,0,0,0,0,0,0,0,0,0,0,0,0,0,0,0,0,0,0,0,0,0,0,0,0,0,0,0,0,0,0,0,0,0,0
인도,Creta,수출,1879,2428,2739,2215,1357,5062,5448,5748,4655,3759,5064,4845,3318,2391,3735,4332,3039,5198,4550,4440,4381,3638,4867,6062,3125,3668,3520,3483,1654,3535,3790,4208,2494,2474,2284,5903,583,3136,3764,3047,2926,4334,4444,4779,3260,2416,2408,0,0,0,0,0,0,0,0,0,0,0,0,0,0,0,0,0,0,0,0,0,0,0,0,0,0,0,0,0,0,0,0,0,0,0,0,0,0,0,0,0,0,0,0,0,0,0,0,0,0,0,0,0,0,0,0,0,0,0,0,0,0,0
인도,Creta (GSi),수출,0,0,0,0,0,0,0,0,0,0,0,0,0,0,0,0,0,0,0,0,0,0,0,0,0,0,0,0,0,0,0,0,0,0,0,0,0,0,0,0,0,0,0,0,0,0,0,0,2955,4538,2505,69,98,94,74,0,0,0,0,0,0,0,0,0,0,0,0,0,0,0,0,0,0,0,0,0,0,0,0,0,0,0,0,0,0,0,0,0,0,0,0,0,0,0,0,0,0,0,0,0,0,0,0,0,0,0,0,0,0,0
인도,Creta(SU2i),수출,0,0,0,0,0,0,0,0,0,0,0,0,0,0,0,0,0,0,0,0,0,0,0,0,0,0,0,0,0,0,0,0,0,0,0,0,0,0,0,0,0,0,0,0,0,0,0,0,0,0,3,0,11,60,198,1219,2712,2902,2912,5647,1600,3138,3572,3145,914,4141,2633,1994,2879,1662,2472,4649,1891,1534,1833,2763,1517,2439,2018,2404,2587,1697,1342,2753,2236,3101,1902,513,329,193,616,435,427,205,358,200,279,292,12,1,375,406,308,268,306,654,172,386,261,375
인도,Creta(SU2i LWB),수출,0,0,0,0,0,0,0,0,0,0,0,0,0,0,0,0,0,0,0,0,0,0,0,0,0,0,0,0,0,0,0,0,0,0,0,0,0,0,0,0,0,0,0,0,0,0,0,0,0,0,0,0,0,0,0,0,0,0,0,0,0,0,0,0,0,1,7,238,151,332,403,609,455,257,434,434,485,535,831,767,939,819,1472,1738,1233,906,1175,775,691,1193,833,1241,1077,756,1276,846,676,525,936,941,1189,1044,1346,160,22,403,800,858,690,571
튀르키예,i10(IA),내수,135,95,186,64,81,135,131,113,72,251,274,270,97,76,107,152,174,263,80,178,174,206,157,183,66,85,117,26,87,129,88,38,41,12,97,61,17,44,28,40,26,46,32,34,52,27,0,0,0,0,0,0,0,0,0,0,0,0,0,0,0,0,0,0,0,0,0,0,0,0,0,0,0,0,0,0,0,0,0,0,0,0,0,0,0,0,0,0,0,0,0,0,0,0,0,0,0,0,0,0,0,0,0,0,0,0,0,0,0,0
튀르키예,i10(AC3),내수,0,0,0,0,0,0,0,0,0,0,0,0,0,0,0,0,0,0,0,0,0,0,0,0,0,0,0,0,0,0,0,0,0,0,0,0,0,0,0,0,0,0,0,0,0,0,0,0,0,0,126,36,42,43,30,279,199,233,93,41,50,30,66,145,54,46,97,30,85,100,2,61,75,56,50,48,63,90,45,20,7,20,65,80,70,63,71,0,0,210,302,60,69,51,238,359,114,181,179,217,20,3,270,206,106,177,259,142,0,0
튀르키예,i20(GB),내수,1318,1406,1856,1864,1821,1589,1653,1228,1808,1551,2303,2562,1084,1319,1725,1979,2236,1806,1420,1522,1626,1694,1743,2617,935,1044,1769,1576,1952,1186,1131,462,335,314,365,737,283,306,422,478,615,554,389,431,549,893,1000,1031,300,540,436,31,222,512,383,89,0,0,0,0,0,0,0,0,0,0,0,0,0,0,0,0,0,0,0,0,0,0,0,0,0,0,0,0,0,0,0,0,0,0,0,0,0,0,0,0,0,0,0,0,0,0,0,0,0,0,0,0,0,0
튀르키예,i20 (BC3),내수,0,0,0,0,0,0,0,0,0,0,0,0,0,0,0,0,0,0,0,0,0,0,0,0,0,0,0,0,0,0,0,0,0,0,0,0,0,0,0,0,0,0,0,0,0,0,0,0,0,0,0,0,0,0,0,0,0,1928,1942,1344,530,707,2669,1246,1701,1708,1485,1548,1886,891,1017,1088,1452,1300,850,905,929,1351,1416,1092,1255,1077,1081,1380,2422,2004,2243,1756,1679,1276,983,347,2334,1586,2681,1915,1279,966,1529,1903,2207,1774,1043,1457,2021,2020,2195,3308,0,0
튀르키예,Bayon (BC3 CUV),내수,0,0,0,0,0,0,0,0,0,0,0,0,0,0,0,0,0,0,0,0,0,0,0,0,0,0,0,0,0,0,0,0,0,0,0,0,0,0,0,0,0,0,0,0,0,0,0,0,0,0,0,0,0,0,0,0,0,0,0,0,0,0,0,0,0,1002,778,850,706,351,981,860,1730,1011,929,900,896,1080,850,598,925,1090,1110,1257,985,1257,1257,985,1701,1701,2164,1743,947,1287,1726,1776,1186,1441,1200,1157,1061,1536,1182,1141,1271,1227,2496,2686,0,0
튀르키예,i20 N (BC3 N),내수,0,0,0,0,0,0,0,0,0,0,0,0,0,0,0,0,0,0,0,0,0,0,0,0,0,0,0,0,0,0,0,0,0,0,0,0,0,0,0,0,0,0,0,0,0,0,0,0,0,0,0,0,0,0,0,0,0,0,0,0,0,0,0,0,0,0,0,0,0,0,0,0,0,0,23,8,4,15,50,22,13,21,35,10,21,19,20,30,15,26,32,33,49,20,10,60,49,51,50,50,0,174,76,50,0,0,0,0,0,0
튀르키예,i10(IA),수출,8999,8980,9369,7689,7690,7974,4616,5883,6705,8399,9212,10309,7459,8438,9167,9827,9074,7569,6219,6380,7331,8655,9238,7651,5223,7491,9810,7447,7409,7049,8517,1463,9591,8743,7625,8838,5282,6555,6975,4781,8987,6470,6741,4388,10062,9057,5017,211,451,0,0,0,0,0,0,0,0,0,0,0,0,0,0,0,0,0,0,0,0,0,0,0,0,0,0,0,0,0,0,0,0,0,0,0,0,0,0,0,0,0,0,0,0,0,0,0,0,0,0,0,0,0,0,0,0,0,0,0,0,0
튀르키예,i10(AC3),수출,0,0,0,0,0,0,0,0,0,0,0,0,0,0,0,0,0,0,0,0,0,0,0,0,0,0,0,0,0,0,0,0,0,0,0,0,0,0,0,0,0,0,0,0,0,3,180,5989,4277,6454,6077,2625,4928,5310,3200,6213,2864,3809,3986,3993,4409,4195,6809,5766,6373,7189,3996,5645,2801,4501,2300,3437,3902,6923,5615,5199,7659,6279,6463,2642,6650,6534,6737,5780,7009,4737,6268,6413,6465,4543,5663,4025,6668,5914,5918,4990,6778,6477,7122,5594,7113,6203,6823,4089,7427,7969,7625,7268,0,0
튀르키예,i20 (BC3),수출,0,0,0,0,0,0,0,0,0,0,0,0,0,0,0,0,0,0,0,0,0,0,0,0,0,0,0,0,0,0,0,0,0,0,0,0,0,0,0,0,0,0,0,0,0,0,0,0,0,0,0,0,0,0,0,2526,6478,6339,5699,6422,5511,6768,6570,2526,2132,4163,4977,3976,5997,4731,6038,3789,3399,5824,6178,7019,6809,8088,4803,2282,6537,5757,6006,5143,7252,7530,7921,5786,8105,6318,7607,3314,5089,5832,6785,7238,7505,7370,9268,4903,7849,4710,7167,4398,5561,7223,7929,7448,0,0
튀르키예,Bayon (BC3 CUV),수출,0,0,0,0,0,0,0,0,0,0,0,0,0,0,0,0,0,0,0,0,0,0,0,0,0,0,0,0,0,0,0,0,0,0,0,0,0,0,0,0,0,0,0,0,0,0,0,0,0,0,0,0,0,0,0,0,0,0,0,0,0,0,106,225,158,223,458,475,321,472,232,347,2224,3053,3364,3011,3680,2783,2270,1244,4070,2454,3531,1751,5240,3608,3981,3375,3458,2817,4051,2405,6193,5595,4312,4754,4313,3357,2476,2523,4647,2965,4554,3320,3367,3184,2010,1358,0,0
튀르키예,i20 N (BC3 N),수출,0,0,0,0,0,0,0,0,0,0,0,0,0,0,0,0,0,0,0,0,0,0,0,0,0,0,0,0,0,0,0,0,0,0,0,0,0,0,0,0,0,0,0,0,0,0,0,0,0,0,0,0,0,0,0,0,0,0,0,0,0,0,2080,3692,1737,2505,1969,3504,1981,1596,1030,1020,475,400,510,521,127,790,464,332,469,449,251,213,525,435,710,486,442,626,876,771,770,659,885,836,887,596,734,538,146,292,171,143,360,224,16,0,0,0
튀르키예,i20(GB),수출,9351,9320,10431,8491,9610,11126,6684,8677,9715,10001,9311,8692,7660,8667,10001,8892,10566,9662,7281,8820,9269,9445,9862,7249,5676,9980,9104,9860,9856,9441,10674,1837,9233,11031,7313,7136,6132,7495,6225,4269,9763,8380,7838,3347,7737,8020,9703,10196,5972,7706,7061,2498,4992,6890,6087,4193,659,291,0,0,0,0,0,0,0,0,0,0,0,0,0,0,0,0,0,0,0,0,0,0,0,0,0,0,0,0,0,0,0,0,0,0,0,0,0,0,0,0,0,0,0,0,0,0,0,0,0,0,0,0
한국,i10 (AC3),내수,0,0,0,0,0,0,0,0,0,0,0,0,0,0,0,0,0,0,0,0,0,0,0,0,0,0,0,0,0,0,0,0,0,0,0,0,0,0,0,0,0,0,0,0,0,0,0,0,0,0,0,0,0,0,0,0,0,0,0,0,0,0,0,0,0,0,0,0,0,0,0,0,0,0,0,0,0,0,0,0,0,0,0,0,0,0,0,0,0,0,0,0,0,0,0,0,0,0,0,0,0,0,0,0,0,0,0,0,83,152
한국,i20 (BC3),내수,0,0,0,0,0,0,0,0,0,0,0,0,0,0,0,0,0,0,0,0,0,0,0,0,0,0,0,0,0,0,0,0,0,0,0,0,0,0,0,0,0,0,0,0,0,0,0,0,0,0,0,0,0,0,0,0,0,0,0,0,0,0,0,0,0,0,0,0,0,0,0,0,0,0,0,0,0,0,0,0,0,0,0,0,0,0,0,0,0,0,0,0,0,0,0,0,0,0,0,0,0,0,0,0,0,0,0,0,1690,1811
한국,Bayon (BC3 CUV),내수,0,0,0,0,0,0,0,0,0,0,0,0,0,0,0,0,0,0,0,0,0,0,0,0,0,0,0,0,0,0,0,0,0,0,0,0,0,0,0,0,0,0,0,0,0,0,0,0,0,0,0,0,0,0,0,0,0,0,0,0,0,0,0,0,0,0,0,0,0,0,0,0,0,0,0,0,0,0,0,0,0,0,0,0,0,0,0,0,0,0,0,0,0,0,0,0,0,0,0,0,0,0,0,0,0,0,0,0,1588,1695
한국,i10 (AC3),수출,0,0,0,0,0,0,0,0,0,0,0,0,0,0,0,0,0,0,0,0,0,0,0,0,0,0,0,0,0,0,0,0,0,0,0,0,0,0,0,0,0,0,0,0,0,0,0,0,0,0,0,0,0,0,0,0,0,0,0,0,0,0,0,0,0,0,0,0,0,0,0,0,0,0,0,0,0,0,0,0,0,0,0,0,0,0,0,0,0,0,0,0,0,0,0,0,0,0,0,0,0,0,0,0,0,0,0,0,6502,6034
한국,i20 (BC3),수출,0,0,0,0,0,0,0,0,0,0,0,0,0,0,0,0,0,0,0,0,0,0,0,0,0,0,0,0,0,0,0,0,0,0,0,0,0,0,0,0,0,0,0,0,0,0,0,0,0,0,0,0,0,0,0,0,0,0,0,0,0,0,0,0,0,0,0,0,0,0,0,0,0,0,0,0,0,0,0,0,0,0,0,0,0,0,0,0,0,0,0,0,0,0,0,0,0,0,0,0,0,0,0,0,0,0,0,0,9444,8325
한국,Bayon (BC3 CUV),수출,0,0,0,0,0,0,0,0,0,0,0,0,0,0,0,0,0,0,0,0,0,0,0,0,0,0,0,0,0,0,0,0,0,0,0,0,0,0,0,0,0,0,0,0,0,0,0,0,0,0,0,0,0,0,0,0,0,0,0,0,0,0,0,0,0,0,0,0,0,0,0,0,0,0,0,0,0,0,0,0,0,0,0,0,0,0,0,0,0,0,0,0,0,0,0,0,0,0,0,0,0,0,0,0,0,0,0,0,1712,1985
한국,i20 N (BC3 N),수출,0,0,0,0,0,0,0,0,0,0,0,0,0,0,0,0,0,0,0,0,0,0,0,0,0,0,0,0,0,0,0,0,0,0,0,0,0,0,0,0,0,0,0,0,0,0,0,0,0,0,0,0,0,0,0,0,0,0,0,0,0,0,0,0,0,0,0,0,0,0,0,0,0,0,0,0,0,0,0,0,0,0,0,0,0,0,0,0,0,0,0,0,0,0,0,0,0,0,0,0,0,0,0,0,0,0,0,0,242,256
중국 (베이징),Reina (CB),내수,0,0,0,0,0,0,0,0,0,0,0,0,0,0,0,0,0,0,0,0,0,0,0,0,1902,46,500,1417,3060,6908,4208,5899,3561,3457,3798,5114,1010,1479,2942,3046,2060,4440,3520,3990,4217,3557,4666,3803,2914,117,2343,2468,3674,3977,3791,3096,3012,2393,3371,1284,399,32,1,0,3,0,0,0,0,0,0,0,0,0,0,0,0,0,0,0,0,0,0,0,0,0,0,0,0,0,0,0,0,0,0,0,0,0,0,0,0,0,0,0,0,0,0,0,0,0
중국 (베이징),Verna(RB),내수,12648,8156,14613,13122,11404,13690,10957,6403,8297,5911,5966,5346,3503,1282,5001,335,2,0,0,3910,2090,0,0,0,0,0,0,0,0,0,0,0,0,0,0,0,0,0,0,0,0,0,0,0,0,0,0,0,0,0,0,0,0,0,0,0,0,0,0,0,0,0,0,0,0,0,0,0,0,0,0,0,0,0,0,0,0,0,0,0,0,0,0,0,0,0,0,0,0,0,0,0,0,0,0,0,0,0,0,0,0,0,0,0,0,0,0,0,0,0
중국 (베이징),Verna(YC),내수,0,0,0,0,0,0,0,0,0,5887,15422,19080,11945,6459,4595,2862,3720,4360,4859,4907,9814,9450,10822,9626,1554,18,11,987,4811,7951,470,3723,3274,3535,4218,5269,487,1506,4217,2530,2663,1554,2532,559,304,5009,4888,8100,2431,28,1439,1837,2050,2608,2092,1651,2910,3201,3823,3086,2480,1176,1514,1665,2736,2449,1687,1582,584,210,170,743,196,693,314,201,129,157,155,181,623,50,137,33,0,0,0,0,0,0,0,0,0,0,0,1,0,0,0,0,0,0,0,0,0,0,0,0,0,0
중국 (베이징),Elantra(XD),내수,629,294,504,1047,912,383,70,1,0,0,51,0,0,0,0,0,0,0,0,0,0,0,0,0,0,0,0,0,0,0,0,0,0,0,0,0,0,0,0,0,0,0,0,0,0,0,0,0,0,0,0,0,0,0,0,0,0,0,0,0,0,0,0,0,0,0,0,0,0,0,0,0,0,0,0,0,0,0,0,0,0,0,0,0,0,0,0,0,0,0,0,0,0,0,0,0,0,0,0,0,0,0,0,0,0,0,0,0,0,0
중국 (베이징),Elantra(HD),내수,964,99,409,939,8775,2563,1013,920,831,1100,1701,1778,497,861,2301,2198,3110,2298,1256,1428,1661,900,1495,1610,811,518,1293,2052,1601,1950,1282,1313,1163,998,1334,1246,1001,829,1560,989,957,1088,518,718,554,675,638,730,70,18,124,144,111,33,0,0,0,0,0,0,0,0,0,0,0,0,0,0,0,0,0,0,0,0,0,0,0,0,0,0,0,0,0,0,0,0,0,0,0,0,0,0,0,0,0,0,0,0,0,0,0,0,0,0,0,0,0,0,0,0
중국 (베이징),Elantra (HDc EV),내수,0,0,0,0,0,0,0,0,0,0,0,0,0,0,0,0,0,0,0,260,30,74,52,4,0,0,1,0,1,0,0,0,0,200,75,102,37,9,55,272,188,164,32,0,0,0,0,20,0,0,0,0,0,0,0,0,0,0,0,0,0,0,0,0,0,0,0,0,0,0,0,0,0,0,0,0,0,0,0,0,0,0,0,0,0,0,0,0,0,0,0,0,0,0,0,0,0,0,0,0,0,0,0,0,0,0,0,0,0,0
중국 (베이징),Elantra(MD),내수,17875,14540,22391,19007,18152,19532,14146,20199,28120,21519,28273,30050,19097,15860,7886,6246,5792,6585,8338,5137,6332,10867,10870,15038,3496,1746,2584,151,37,0,0,0,0,0,0,0,0,0,0,0,0,0,0,0,0,0,0,0,0,0,0,0,0,0,0,0,0,0,0,0,0,0,0,0,0,0,0,0,0,0,0,0,0,0,0,0,0,0,0,0,0,0,0,0,0,0,0,0,0,0,0,0,0,0,0,0,0,0,0,0,0,0,0,0,0,0,0,0,0,0
중국 (베이징),Celesta (ID),내수,0,0,0,0,0,0,0,0,0,0,0,0,0,0,0,0,0,0,0,0,0,0,0,0,0,0,0,0,0,0,0,0,0,0,0,0,0,0,0,0,0,0,0,0,0,0,0,0,2645,54,2641,3231,6237,8727,5475,4463,6980,7439,10890,6977,2855,1710,3016,4002,3398,3366,3861,2386,2090,743,1652,2917,3599,3332,3217,1418,1268,1436,2893,1935,2164,1730,1441,1816,764,1116,1560,165,0,0,0,0,0,0,0,2,0,0,0,0,0,0,0,0,0,0,0,0,0,0
중국 (베이징),Elantra (AD),내수,0,223,10880,14665,11884,13127,10223,10166,13322,10332,14755,22633,6549,6600,5625,2741,2686,2396,11090,11977,14902,14099,20332,20492,14852,9831,18620,19300,18045,20120,11816,21361,24888,16576,19749,21726,3249,6276,10990,10036,6635,10597,10492,11772,13226,11334,13032,16865,8547,327,6352,7245,8772,7894,6202,11757,76,242,0,0,0,100,0,0,1,0,0,0,0,0,0,0,0,0,0,0,0,0,0,0,0,0,0,0,0,0,0,0,0,0,0,0,0,0,0,0,0,0,0,0,0,0,0,0,0,0,0,0,0,0
중국 (베이징),Elantra (AD PHEV),내수,0,0,0,0,0,0,0,0,0,0,0,0,0,0,0,0,0,0,0,0,0,0,0,0,0,0,0,0,0,0,0,0,0,0,0,0,0,0,0,0,0,0,0,0,0,0,0,0,319,55,215,22,55,17,2,14,4,6,5,71,32,0,207,136,161,47,2,0,0,136,88,7,0,0,0,0,0,0,0,0,0,0,0,0,0,0,0,0,0,0,0,0,0,0,0,0,0,0,0,0,0,0,0,0,0,0,0,0,0,0
중국 (베이징),Elantra (CN7),내수,0,0,0,0,0,0,0,0,0,0,0,0,0,0,0,0,0,0,0,0,0,0,0,0,0,0,0,0,0,0,0,0,0,0,0,0,0,0,0,0,0,0,0,0,0,0,0,0,0,0,0,0,0,0,0,0,2723,8314,11861,19433,16961,5488,11440,7614,10587,10290,8381,8816,7819,13068,13366,17009,7271,3761,5080,4014,3789,8580,11226,9403,13851,11562,8879,8129,5212,6891,12425,7340,9612,10598,5098,9823,10566,9526,11775,14579,7008,6631,12105,5301,7129,5845,1803,3054,3843,2373,2396,3149,5390,3226
중국 (베이징),Elantra(ID),내수,0,0,0,0,0,0,0,0,0,0,0,0,0,0,8018,3965,2423,1002,710,615,531,392,782,2264,85,51,143,4384,5940,11485,3016,7955,6087,4894,5872,9879,0,0,0,0,0,0,33,189,192,91,157,543,0,0,0,0,0,0,0,0,0,0,0,0,0,0,0,0,0,0,0,0,0,0,0,0,0,0,0,0,0,0,0,0,0,0,0,0,0,0,0,0,0,0,0,0,0,0,0,0,0,0,0,0,0,0,0,0,0,0,0,0,0,0
중국 (베이징),La festa(SQ),내수,0,0,0,0,0,0,0,0,0,0,0,0,0,0,0,0,0,0,0,0,0,0,0,0,0,0,0,0,0,0,0,0,0,6688,8063,9220,0,0,0,0,0,0,0,0,0,0,0,0,3026,99,3806,4421,3434,3689,2970,2422,2905,3381,2101,1870,1448,1002,2020,880,506,614,230,72,3,1181,273,20,0,0,0,0,1,0,0,0,0,132,758,879,398,614,519,159,124,396,48,71,101,67,34,23,52,10,326,604,0,0,0,2,3,0,0,0,1,0
중국 (베이징),La festa (SQ EV),내수,0,0,0,0,0,0,0,0,0,0,0,0,0,0,0,0,0,0,0,0,0,0,0,0,0,0,0,0,0,0,0,0,0,0,0,0,166,2961,6027,5912,4691,7389,6483,8901,7970,9965,9108,11540,83,73,455,252,126,178,16,19,27,91,61,35,13,3,10,29,84,346,10,162,227,260,43,54,0,0,0,0,0,0,0,0,0,0,0,0,0,0,0,0,0,0,0,0,0,0,0,0,0,0,0,0,0,0,0,0,0,0,0,0,0,0
중국 (베이징),Mistra (CF),내수,9434,6000,11164,11293,13156,14917,10059,11345,14770,14481,15950,15685,11790,8889,9559,8435,8975,7965,10271,10303,15181,12873,14903,15520,11994,8515,15222,13547,9153,13347,2045,5432,5291,6262,3505,4805,10240,7069,7565,5830,4857,6398,6291,9444,13418,7724,6866,10537,1505,41,1517,1558,3286,2523,2045,2074,3082,2438,449,130,0,0,0,0,0,0,0,0,0,0,0,0,0,0,0,0,0,0,0,0,0,0,0,0,0,0,0,0,0,0,0,0,0,0,0,0,0,0,0,0,0,0,0,0,0,0,0,0,0,0
중국 (베이징),Mistra (DU2),내수,0,0,0,0,0,0,0,0,0,0,0,0,0,0,0,0,0,0,0,0,0,0,0,0,0,0,0,0,0,0,0,0,0,0,0,0,0,0,0,0,0,0,0,0,0,0,0,0,0,0,0,0,0,0,0,0,0,0,0,1001,424,556,1733,992,465,256,228,212,157,168,296,216,94,12,16,32,25,20,23,8,11,8,13,128,8,1,1,2,2,1,0,20,0,0,0,1,0,0,0,0,0,0,0,0,0,0,0,0,0,0
중국 (베이징),Mistra (DU2 EV),내수,0,0,0,0,0,0,0,0,0,0,0,0,0,0,0,0,0,0,0,0,0,0,0,0,0,0,0,0,0,0,0,0,0,0,0,0,759,1709,2151,2545,4016,4710,4171,4584,3641,4641,3955,3827,0,0,0,0,0,0,0,0,0,0,0,0,0,0,34,2,4,8,8,6,7,0,10,39,14,7,3,15,3,19,32,18,43,41,28,0,0,0,0,0,0,0,0,0,0,0,0,0,0,0,0,0,0,0,0,0,0,0,0,0,0,0
중국 (베이징),Sonata(EF),내수,75,60,647,596,377,303,1481,132,325,131,585,611,1241,0,0,0,0,0,0,0,0,0,0,0,0,0,0,0,0,0,0,0,0,0,0,0,0,0,0,0,0,0,0,0,0,0,0,0,0,0,0,0,0,0,0,0,0,0,0,0,0,0,0,0,0,0,0,0,0,0,0,0,0,0,0,0,0,0,0,0,0,0,0,0,0,0,0,0,0,0,0,0,0,0,0,0,0,0,0,0,0,0,0,0,0,0,0,0,0,0
중국 (베이징),Sonata(YF),내수,677,93,201,2909,499,0,0,0,0,0,0,0,0,0,0,0,0,0,0,0,0,0,0,0,0,0,0,0,0,0,0,0,0,0,0,0,0,0,0,0,0,0,0,0,0,0,0,0,0,0,0,0,0,0,0,0,0,0,0,0,0,0,0,0,0,0,0,0,0,0,0,0,0,0,0,0,0,0,0,0,0,0,0,0,0,0,0,0,0,0,0,0,0,0,0,0,0,0,0,0,0,0,0,0,0,0,0,0,0,0
중국 (베이징),Sonata(LF),내수,3979,2919,3565,4313,2805,2276,1465,948,1446,1941,3041,2921,1406,916,987,1034,597,1366,830,357,2079,1145,754,1289,432,192,1029,808,544,351,117,556,313,1340,439,572,241,173,192,253,185,177,63,99,106,155,514,258,0,0,0,0,0,0,0,0,0,0,0,0,0,0,0,0,0,0,0,0,0,0,0,0,0,0,0,0,0,0,0,0,0,0,0,0,0,0,0,0,0,0,0,0,0,0,0,0,0,0,0,0,0,0,0,0,0,0,0,0,0,0
중국 (베이징),Sonata (DN8c),내수,0,0,0,0,0,0,0,0,0,0,0,0,0,0,0,0,0,0,0,0,0,0,0,0,0,0,0,0,0,0,0,0,0,0,0,0,0,0,0,0,0,0,0,0,0,0,0,0,0,0,0,0,0,896,3304,3664,2882,1916,436,1102,771,395,663,827,956,252,310,375,401,1141,1218,1014,69,129,141,55,30,388,292,490,653,469,543,478,165,224,212,170,293,298,145,306,188,144,155,174,22,273,1103,2038,2088,1913,821,770,767,756,985,1248,1207,794
중국 (베이징),Sonata (LF HEV),내수,0,0,0,0,3,373,137,22,85,55,231,209,13,5,22,63,29,782,396,93,121,83,201,226,40,1,85,229,318,189,25,101,92,1062,51,61,3,48,0,0,0,0,0,0,0,0,0,0,0,0,0,0,0,0,0,0,0,0,0,0,0,0,0,0,0,0,0,0,0,0,0,0,0,0,0,0,0,0,0,0,0,0,0,0,0,0,0,0,0,0,0,0,0,0,0,0,0,0,0,0,0,0,0,0,0,0,0,0,0,0
중국 (베이징),Sonata (LF PHEV),내수,0,0,0,0,0,0,0,0,0,0,0,0,0,0,0,0,0,0,0,0,0,0,0,0,0,0,0,0,0,0,0,348,145,91,68,179,34,35,87,132,118,140,12,33,27,88,155,245,0,0,19,99,2,6,126,271,116,315,1471,101,0,0,0,0,0,0,0,0,0,0,0,0,0,0,0,0,0,0,0,0,0,0,0,0,0,0,0,0,0,0,0,0,0,0,0,0,0,0,0,0,0,0,0,0,0,0,0,0,0,0
중국 (베이징),KU (MPV),내수,0,0,0,0,0,0,0,0,0,0,0,0,0,0,0,0,0,0,0,0,0,0,0,0,0,0,0,0,0,0,0,0,0,0,0,0,0,0,0,0,0,0,0,0,0,0,0,0,0,0,0,0,0,0,0,0,0,0,0,0,0,0,0,0,0,0,0,738,820,1089,3158,2162,0,0,0,0,0,0,0,0,0,0,0,0,0,0,0,0,0,0,0,0,0,0,0,0,0,0,0,0,0,0,0,0,0,0,0,0,0,0
중국 (베이징),Ensino (OS),내수,0,0,0,0,0,0,0,0,0,0,0,0,0,0,0,0,0,0,0,0,0,0,0,0,0,0,0,0,0,0,0,0,0,0,0,0,0,0,0,0,0,0,0,0,0,0,0,0,8,0,3,117,60,82,40,37,72,20,30,24,0,5,0,0,2,0,0,0,0,0,1,0,0,0,0,0,0,0,0,0,0,0,0,0,0,0,0,0,0,0,0,0,0,0,0,0,0,0,0,0,0,0,0,0,0,0,0,0,0,0
중국 (베이징),Ensino EV (OS EV),내수,0,0,0,0,0,0,0,0,0,0,0,0,0,0,0,0,0,0,0,0,0,0,0,0,0,0,0,0,0,0,0,0,0,0,0,0,0,0,0,0,0,0,0,0,0,0,0,0,81,4,72,32,87,64,31,9,29,54,32,83,11,4,12,29,29,437,2,71,7,0,1,0,0,0,0,0,0,0,0,0,0,0,0,0,0,0,0,0,0,0,0,0,0,0,0,0,0,0,0,0,0,0,0,0,0,0,0,0,0,0
중국 (베이징),ix25(GC),내수,8541,7197,10382,9181,10126,9755,5260,7906,7760,8044,11997,17319,6304,6021,3782,1428,1507,1148,1068,1122,4563,6076,6318,9383,2735,1759,4001,6246,7347,9460,2989,8102,7833,9001,7205,8875,1206,3282,4242,2460,1250,3948,856,2334,2967,1594,24,17,0,0,0,0,0,0,0,0,0,0,0,0,0,0,0,0,0,0,0,0,0,0,0,0,0,0,0,0,0,0,0,0,0,0,0,0,0,0,0,0,0,0,0,0,0,0,0,0,0,0,0,0,0,0,0,0,0,0,0,0,0,0
중국 (베이징),Custo (KU),내수,0,0,0,0,0,0,0,0,0,0,0,0,0,0,0,0,0,0,0,0,0,0,0,0,0,0,0,0,0,0,0,0,0,0,0,0,0,0,0,0,0,0,0,0,0,0,0,0,0,0,0,0,0,0,0,0,0,0,0,0,0,0,0,0,0,0,0,0,0,0,0,0,2461,853,853,797,628,949,1203,1730,1623,1136,500,945,447,463,788,1348,1121,1279,1342,1421,1642,1156,680,1095,748,423,891,482,1047,905,635,851,1112,1273,800,1443,864,654
중국 (베이징),ix25(SU2),내수,0,0,0,0,0,0,0,0,0,0,0,0,0,0,0,0,0,0,0,0,0,0,0,0,0,0,0,0,0,0,0,0,0,0,0,0,0,0,0,0,0,0,0,0,1388,4694,4591,6706,3834,71,4354,3986,2752,2838,2059,1762,3192,4030,5352,4067,2549,1071,2116,1541,2798,1959,963,1051,1132,299,608,114,1,0,0,0,0,0,0,0,0,0,0,0,0,0,0,0,0,0,0,0,0,0,0,0,2595,2012,3779,624,908,991,387,324,628,780,466,1758,0,0
중국 (베이징),Kona(OS),내수,0,0,0,0,0,0,0,0,0,0,0,0,0,0,0,0,0,0,0,0,0,0,0,0,0,0,0,4385,604,145,65,306,754,122,94,118,62,7,15,2907,2,0,0,2,63,60,321,74,0,0,0,0,0,0,0,0,0,0,0,0,0,0,0,0,0,0,0,0,0,0,0,0,0,0,0,0,0,0,0,0,0,0,0,0,0,0,0,0,0,0,0,0,0,0,0,0,0,0,0,0,0,0,0,0,0,0,0,0,0,0
중국 (베이징),Kona(OS EV),내수,0,0,0,0,0,0,0,0,0,0,0,0,0,0,0,0,0,0,0,0,0,0,0,0,0,0,0,0,0,0,0,0,0,0,0,0,0,0,0,0,0,0,0,0,12,59,204,408,0,0,0,0,0,0,0,0,0,0,0,0,0,0,0,0,0,0,0,0,0,0,0,0,0,0,0,0,0,0,0,0,0,0,0,0,0,0,0,0,0,0,0,0,0,0,0,0,0,0,0,0,0,0,0,0,0,0,0,0,0,0
중국 (베이징),ix35(NU),내수,0,0,0,0,0,0,0,0,0,0,0,0,0,0,0,0,0,0,0,0,0,0,0,0,0,0,0,0,0,0,0,0,0,0,0,0,12441,12178,16458,10655,6996,10837,8401,9403,14287,6802,9121,13815,3762,112,5105,5736,5064,6049,5882,5426,8211,3453,3542,5935,8482,5381,8211,8183,9037,8574,6136,5534,3905,4849,6685,7947,5960,4161,3636,3079,1994,4549,5559,6945,9024,7135,6011,8465,4031,4123,5115,2952,544,702,13,0,1,0,0,6,0,0,0,0,0,0,0,0,0,0,0,0,0,0
중국 (베이징),ix35 (NU2),내수,0,0,0,0,0,0,0,0,0,0,0,0,0,0,0,0,0,0,0,0,0,0,0,0,0,0,0,0,0,0,0,0,0,0,0,0,0,0,0,0,0,0,0,0,0,0,0,0,0,0,0,0,0,0,0,0,0,0,0,0,0,0,0,0,0,0,0,0,0,0,0,0,0,0,0,0,0,0,0,0,0,0,0,0,0,0,0,0,1905,4452,2909,3660,3870,3333,3632,4855,0,0,0,0,0,0,0,0,0,0,0,0,0,0
중국 (베이징),SUV(NU),내수,0,0,0,0,0,0,0,0,0,0,0,0,0,0,0,0,0,0,0,0,0,0,3701,10773,11606,7855,12478,7217,5961,11067,2846,14310,13577,15428,13084,18320,0,0,0,0,0,0,0,0,0,0,0,0,0,0,0,0,0,0,0,0,0,0,0,0,0,0,0,0,0,0,0,0,0,0,0,0,0,0,0,0,0,0,0,0,0,0,0,0,0,0,0,0,0,0,0,0,0,0,0,0,0,0,0,0,0,0,0,0,0,0,0,0,0,0
중국 (베이징),C1 low (CB),내수,0,0,0,0,0,0,0,0,0,0,0,0,0,0,0,0,0,0,0,0,4548,5815,7810,8896,0,0,0,0,0,0,0,0,0,0,0,0,0,0,0,0,0,0,0,0,0,0,0,0,0,0,0,0,0,0,0,0,0,0,0,0,0,0,0,0,0,0,0,0,0,0,0,0,0,0,0,0,0,0,0,0,0,0,0,0,0,0,0,0,0,0,0,0,0,0,0,0,0,0,0,0,0,0,0,0,0,0,0,0,0,0
중국 (베이징),Tucson(JM),내수,0,9,0,0,0,0,0,0,2,0,0,0,0,0,0,0,0,0,0,0,0,0,0,0,0,0,0,0,0,0,0,0,0,0,0,0,0,0,0,0,0,0,0,0,0,0,0,0,0,0,0,0,0,0,0,0,0,0,0,0,0,0,0,0,0,0,0,0,0,0,0,0,0,0,0,0,0,0,0,0,0,0,0,0,0,0,0,0,0,0,0,0,0,0,0,0,0,0,0,0,0,0,0,0,0,0,0,0,0,0
중국 (베이징),Tucson(LM),내수,7025,4943,7296,6145,6686,6331,4377,6175,6847,4142,5473,6498,3329,3230,1793,1080,817,812,488,521,3504,2286,776,1251,4934,836,138,0,1,0,0,0,1,0,0,0,0,0,0,0,0,0,0,0,0,0,0,0,0,0,0,0,0,0,0,0,0,0,0,0,0,0,0,0,0,0,0,0,0,0,0,0,0,0,0,0,0,0,0,0,0,0,0,0,0,0,0,0,0,0,0,0,0,0,0,0,0,0,0,0,0,0,0,0,0,0,0,0,0,0
중국 (베이징),Tucson (NX4c),내수,0,0,0,0,0,0,0,0,0,0,0,0,0,0,0,0,0,0,0,0,0,0,0,0,0,0,0,0,0,0,0,0,0,0,0,0,0,0,0,0,0,0,0,0,0,0,0,0,0,0,0,0,0,0,0,0,0,0,0,0,0,0,4051,3806,1727,1329,1151,1131,1374,1474,3902,6390,4143,3376,3663,321,522,1618,2333,4981,4370,4062,2936,3845,3874,3404,6019,3372,5417,6099,2759,4588,5699,4468,5241,7540,3567,2741,2740,897,1791,1750,1053,1625,1837,866,2082,1359,1485,347
중국 (베이징),Tucson HEV (NX4c HEV),내수,0,0,0,0,0,0,0,0,0,0,0,0,0,0,0,0,0,0,0,0,0,0,0,0,0,0,0,0,0,0,0,0,0,0,0,0,0,0,0,0,0,0,0,0,0,0,0,0,0,0,0,0,0,0,0,0,0,0,0,0,0,0,0,0,0,0,0,0,0,0,0,0,55,11,56,32,14,36,30,32,39,26,18,90,58,11,8,7,7,3,1,10,3,0,2,1,1,0,0,0,0,0,1,0,0,0,0,14,0,0
중국 (베이징),Tucson(TL),내수,10002,6879,15201,11150,14528,13203,10181,17146,20173,14688,21724,21812,12978,8755,5775,3486,5068,6829,10738,12357,17620,14718,15802,22369,5172,3924,10053,8872,3070,2505,788,1972,13242,1687,3796,2626,439,492,1311,868,614,3090,2886,4064,4418,4466,4499,4719,2014,3,1481,1999,3530,3736,2882,2503,2900,3114,3444,3751,2052,732,11,0,1,0,0,0,0,0,0,0,0,0,0,0,0,0,0,0,0,0,0,0,0,0,0,0,0,0,0,0,0,0,0,0,0,0,0,0,0,0,0,0,0,0,0,0,0,0
중국 (베이징),SantaFe(DM),내수,3387,1814,3296,1855,1024,1128,784,684,2297,1824,2070,2275,1378,1203,704,1199,403,288,367,374,2215,1395,647,2127,437,304,935,641,253,1763,376,77,46,31,28,51,733,56,114,23,0,0,0,0,0,0,3,0,0,0,0,0,0,0,0,0,0,0,0,0,0,0,0,0,0,0,0,0,0,0,0,0,0,0,0,0,0,0,0,0,0,0,0,0,0,0,0,0,0,0,0,0,0,0,0,0,0,0,0,0,0,0,0,0,0,0,0,0,0,0
중국 (베이징),Santa Fe (MX5c),내수,0,0,0,0,0,0,0,0,0,0,0,0,0,0,0,0,0,0,0,0,0,0,0,0,0,0,0,0,0,0,0,0,0,0,0,0,0,0,0,0,0,0,0,0,0,0,0,0,0,0,0,0,0,0,0,0,0,0,0,0,0,0,0,0,0,0,0,0,0,0,0,0,0,0,0,0,0,0,0,0,0,0,0,0,0,0,0,0,0,0,0,0,0,0,0,0,0,0,0,0,0,0,0,264,810,342,271,258,151,153
중국 (베이징),SantaFe(TM),내수,0,0,0,0,0,0,0,0,0,0,0,0,0,0,0,0,0,0,0,0,0,0,0,0,0,0,0,0,0,0,0,0,0,0,0,0,0,0,3243,1969,1109,848,858,1255,478,418,713,971,883,5,260,870,777,706,1152,845,978,1689,1423,1386,622,412,992,848,790,676,737,618,624,267,903,631,192,122,123,48,32,345,285,342,606,203,288,248,71,156,366,488,237,190,215,109,264,125,79,108,60,20,59,55,37,7,3,110,0,60,0,167,1,0
중국 (베이징),Reina(CB),수출,0,0,0,0,0,0,0,0,0,0,0,0,0,0,0,0,0,0,0,0,0,0,0,0,0,0,0,0,0,0,0,0,0,0,0,0,600,700,300,1000,1200,400,1200,978,1595,1267,1016,2211,1180,661,652,227,117,105,85,140,96,500,1135,1007,1092,1013,1029,774,990,1548,240,1000,240,870,575,917,0,0,0,0,0,0,0,0,0,0,0,0,0,0,0,0,0,0,0,0,0,0,0,0,0,0,0,0,0,0,0,0,0,0,0,0,0,0
중국 (베이징),Elantra (CN7c),수출,0,0,0,0,0,0,0,0,0,0,0,0,0,0,0,0,0,0,0,0,0,0,0,0,0,0,0,0,0,0,0,0,0,0,0,0,0,0,0,0,0,0,0,0,0,0,0,0,0,0,0,0,0,0,0,0,0,0,0,0,0,0,0,0,0,0,0,0,0,0,0,0,0,0,0,0,0,0,0,0,0,0,0,0,0,0,0,0,0,0,0,0,0,0,0,0,0,0,0,0,0,0,0,0,0,0,0,0,3524,2845
중국 (베이징),Custo (KU),수출,0,0,0,0,0,0,0,0,0,0,0,0,0,0,0,0,0,0,0,0,0,0,0,0,0,0,0,0,0,0,0,0,0,0,0,0,0,0,0,0,0,0,0,0,0,0,0,0,0,0,0,0,0,0,0,0,0,0,0,0,0,0,0,0,0,0,0,0,0,0,0,0,0,0,0,0,0,0,0,0,0,0,0,0,0,0,0,3,0,0,0,171,60,8,63,140,0,0,0,0,0,0,0,0,0,0,0,0,144,125
중국 (베이징),Mufasa (NU2),수출,0,0,0,0,0,0,0,0,0,0,0,0,0,0,0,0,0,0,0,0,0,0,0,0,0,0,0,0,0,0,0,0,0,0,0,0,0,0,0,0,0,0,0,0,0,0,0,0,0,0,0,0,0,0,0,0,0,0,0,0,0,0,0,0,0,0,0,0,0,0,0,0,0,0,0,0,0,0,0,0,0,0,0,0,0,0,0,0,0,0,0,0,0,0,0,0,0,0,0,0,0,0,0,0,0,0,0,0,1922,312
중국 (베이징),Santa Fe (MX5c),수출,0,0,0,0,0,0,0,0,0,0,0,0,0,0,0,0,0,0,0,0,0,0,0,0,0,0,0,0,0,0,0,0,0,0,0,0,0,0,0,0,0,0,0,0,0,0,0,0,0,0,0,0,0,0,0,0,0,0,0,0,0,0,0,0,0,0,0,0,0,0,0,0,0,0,0,0,0,0,0,0,0,0,0,0,0,0,0,0,0,0,0,0,0,0,0,0,0,0,0,0,0,0,0,0,0,0,0,0,1,3
중국 (베이징),Sonata (DN8c),수출,0,0,0,0,0,0,0,0,0,0,0,0,0,0,0,0,0,0,0,0,0,0,0,0,0,0,0,0,0,0,0,0,0,0,0,0,0,0,0,0,0,0,0,0,0,0,0,0,0,0,0,0,0,0,0,0,0,0,0,0,0,0,0,0,0,0,0,0,0,0,0,0,0,0,0,0,0,0,0,0,0,0,0,0,0,0,0,0,0,0,0,0,0,0,0,0,0,0,0,0,0,0,0,0,0,0,0,0,2000,1300
중국 (베이징),전 차량,수출,0,0,0,0,0,0,0,0,0,0,0,0,0,0,0,0,0,0,0,0,0,0,0,0,0,0,0,0,0,0,0,0,0,0,0,0,0,0,0,0,0,0,0,0,0,0,0,0,0,0,0,0,0,0,0,0,0,0,0,0,0,0,0,0,0,0,0,0,0,0,0,0,0,0,0,0,0,0,0,0,0,0,0,0,0,0,0,0,0,0,0,0,0,0,0,0,171,0,437,2644,3617,3113,2517,6007,6394,4733,9349,5656,0,0
미국 (앨라배마),Elantra(MD),내수,164,0,0,0,0,0,0,0,0,0,0,0,0,0,0,0,0,0,0,0,0,0,0,0,0,0,0,0,0,0,0,0,0,0,0,0,0,0,0,0,0,0,0,0,0,0,0,0,0,0,0,0,0,0,0,0,0,0,0,0,0,0,0,0,0,0,0,0,0,0,0,0,0,0,0,0,0,0,0,0,0,0,0,0,0,0,0,0,0,0,0,0,0,0,0,0,0,0,0,0,0,0,0,0,0,0,0,0,0,0
미국 (앨라배마),Elantra(AD),내수,15010,16561,12359,11022,22994,16464,7981,13520,11944,10805,11005,9307,10250,10359,13659,12023,12057,11990,5585,13036,9129,9571,8312,7815,10713,9197,11991,14272,14605,12262,7240,10819,8959,14588,14341,12714,9665,9474,10967,8624,10517,3992,6608,14249,14554,18076,7495,7645,5513,7530,5485,420,2454,3539,4428,6519,14190,3431,385,256,199,48,16,5,2,3,2,2,0,0,0,0,0,0,0,0,0,0,0,0,0,0,0,0,0,0,0,0,0,0,0,0,0,0,0,0,0,0,0,0,0,0,0,0,0,0,0,0,0,0
미국 (앨라배마),Elantra(CN7),내수,0,0,0,0,0,0,0,0,0,0,0,0,0,0,0,0,0,0,0,0,0,0,0,0,0,0,0,0,0,0,0,0,0,0,0,0,0,0,0,0,0,0,0,0,0,0,0,0,0,0,0,0,0,0,0,0,0,3261,9493,8085,6501,5827,9167,4398,3648,3516,2860,4296,1287,2113,2474,3205,2290,2847,3982,4039,2976,4217,2709,4077,1523,1898,1331,1347,1781,2218,3005,2983,3021,215,6,0,0,0,0,0,0,0,0,0,0,0,0,0,0,0,0,0,0,0
미국 (앨라배마),Sonata(LF),내수,14142,15794,14181,13293,13531,17979,14483,15365,13748,11851,11353,8108,12369,14166,14520,11547,13439,13677,6875,15031,9257,10213,7218,4210,6708,7765,3790,6931,10386,5233,2998,7821,8260,7999,7157,5772,5966,8266,4641,5127,7800,8372,7913,3677,1189,12,1,0,0,0,0,0,0,0,0,0,0,0,0,0,0,0,0,0,0,0,0,0,0,0,0,0,0,0,0,0,0,0,0,0,0,0,0,0,0,0,0,0,0,0,0,0,0,0,0,0,0,0,0,0,0,0,0,0,0,0,0,0,0,0
미국 (앨라배마),Sonata (DN8),내수,0,0,0,0,0,0,0,0,0,0,0,0,0,0,0,0,0,0,0,0,0,0,0,0,0,0,0,0,0,0,0,0,0,0,0,0,0,0,0,0,0,0,0,0,0,0,7812,9845,10571,11606,7667,543,3048,3393,4284,4940,7125,11466,8187,9530,7308,10154,2733,3943,1943,2718,1786,1761,2623,1883,1508,1943,1299,626,33,2,0,0,0,0,0,0,0,0,0,0,0,0,0,0,0,0,0,0,0,0,0,0,0,0,0,0,0,0,0,0,0,0,0,0
미국 (앨라배마),SantaFe(DM),내수,0,0,0,0,0,230,4183,7469,6998,6387,6007,4772,3990,4540,4940,3977,5734,4376,1716,5482,3876,4118,3049,2346,3078,3244,4446,2615,1,0,0,0,0,0,0,0,0,0,0,0,0,0,0,0,0,0,0,0,0,0,0,0,0,0,0,0,0,0,0,0,0,0,0,0,0,0,0,0,0,0,0,0,0,0,0,0,0,0,0,0,0,0,0,0,0,0,0,0,0,0,0,0,0,0,0,0,0,0,0,0,0,0,0,0,0,0,0,0,0,0
미국 (앨라배마),Tucson(NX4a),내수,0,0,0,0,0,0,0,0,0,0,0,0,0,0,0,0,0,0,0,0,0,0,0,0,0,0,0,0,0,0,0,0,0,0,0,0,0,0,0,0,0,0,0,0,0,0,0,0,0,0,0,0,0,0,0,0,0,0,0,0,0,0,8359,7779,7679,6900,6442,6291,5427,10231,9057,11169,8496,11536,11787,12031,11853,9592,10138,11968,14378,11982,11338,9095,10069,12699,15337,11864,13972,12618,9827,15138,13343,13335,11206,11472,15840,11553,12313,11016,6689,12834,7944,14515,11447,14717,12167,10065,8303,12682
미국 (앨라배마),Tucson(NX4a OB),내수,0,0,0,0,0,0,0,0,0,0,0,0,0,0,0,0,0,0,0,0,0,0,0,0,0,0,0,0,0,0,0,0,0,0,0,0,0,0,0,0,0,0,0,0,0,0,0,0,0,0,0,0,0,0,0,0,0,0,0,0,0,0,0,0,0,36,788,1939,1488,2770,2528,3019,2689,2913,3154,3474,3248,2836,2227,3630,3435,3819,3526,2588,3165,3296,3603,3509,3499,2844,3317,4286,3824,2830,3121,3099,4644,3729,2786,3196,3427,2193,1078,2262,2484,2406,1741,1693,1720,3081
미국 (앨라배마),Santa Fe (TM),내수,0,0,0,0,0,0,0,0,0,0,0,0,0,0,0,0,0,0,0,0,0,0,0,0,0,0,0,0,0,8861,7782,12624,9859,10747,7587,6357,7619,8759,9427,9091,12308,8742,9332,12173,12308,14344,10091,4660,6564,9551,6120,396,4123,5135,6077,9950,13285,13862,7762,9180,8062,8610,10044,9551,8126,9511,3898,5265,4304,6278,6991,7972,6646,8521,11708,10156,10827,7904,6141,11199,9937,10393,8367,7041,7274,9749,9443,8684,8422,10459,7368,10858,9078,9986,8317,9263,1895,35,3,2,0,0,0,0,0,0,0,0,0,0
미국 (앨라배마),Santa Fe HEV (TM),내수,0,0,0,0,0,0,0,0,0,0,0,0,0,0,0,0,0,0,0,0,0,0,0,0,0,0,0,0,0,0,0,0,0,0,0,0,0,0,0,0,0,0,0,0,0,0,0,0,0,0,0,0,0,0,0,0,0,0,0,0,0,0,0,0,0,0,0,0,0,0,0,0,0,0,0,0,0,0,0,0,0,0,1208,1496,1417,1631,1722,1628,1607,1949,1320,1825,1984,1958,1495,2285,741,19,4,0,0,0,0,0,0,0,0,0,0,0
미국 (앨라배마),Santa Fe (MX5),내수,0,0,0,0,0,0,0,0,0,0,0,0,0,0,0,0,0,0,0,0,0,0,0,0,0,0,0,0,0,0,0,0,0,0,0,0,0,0,0,0,0,0,0,0,0,0,0,0,0,0,0,0,0,0,0,0,0,0,0,0,0,0,0,0,0,0,0,0,0,0,0,0,0,0,0,0,0,0,0,0,0,0,0,0,0,0,0,0,0,0,0,0,0,0,0,0,1935,8882,11326,10577,10474,8263,6780,9518,7769,10053,8141,7784,6052,7476
미국 (앨라배마),Santa Fe HEV (MX5),내수,0,0,0,0,0,0,0,0,0,0,0,0,0,0,0,0,0,0,0,0,0,0,0,0,0,0,0,0,0,0,0,0,0,0,0,0,0,0,0,0,0,0,0,0,0,0,0,0,0,0,0,0,0,0,0,0,0,0,0,0,0,0,0,0,0,0,0,0,0,0,0,0,0,0,0,0,0,0,0,0,0,0,0,0,0,0,0,0,0,0,0,0,0,0,0,0,0,0,40,4044,4278,4160,3323,3979,4067,5244,3859,3487,2325,4849
미국 (앨라배마),GV70 (JKa),내수,0,0,0,0,0,0,0,0,0,0,0,0,0,0,0,0,0,0,0,0,0,0,0,0,0,0,0,0,0,0,0,0,0,0,0,0,0,0,0,0,0,0,0,0,0,0,0,0,0,0,0,0,0,0,0,0,0,0,0,0,0,0,0,0,0,0,0,0,0,0,0,0,0,0,0,0,0,0,0,0,0,0,0,0,0,0,0,0,0,0,1120,1587,1477,3119,2565,840,3281,1565,625,3120,2325,915,1357,1777,1739,1773,1659,1262,1930,827
미국 (앨라배마),GV70 EV (Jka EV),내수,0,0,0,0,0,0,0,0,0,0,0,0,0,0,0,0,0,0,0,0,0,0,0,0,0,0,0,0,0,0,0,0,0,0,0,0,0,0,0,0,0,0,0,0,0,0,0,0,0,0,0,0,0,0,0,0,0,0,0,0,0,0,0,0,0,0,0,0,0,0,0,0,0,0,0,0,0,0,0,0,0,0,0,0,0,24,184,295,180,87,154,465,158,539,338,213,204,180,192,184,190,370,354,331,168,169,177,129,227,212
미국 (앨라배마),Elantra(MD),수출,40,0,0,0,0,0,0,0,0,0,0,0,0,0,0,0,0,0,0,0,0,0,0,0,0,0,0,0,0,0,0,0,0,0,0,0,0,0,0,0,0,0,0,0,0,0,0,0,0,0,0,0,0,0,0,0,0,0,0,0,0,0,0,0,0,0,0,0,0,0,0,0,0,0,0,0,0,0,0,0,0,0,0,0,0,0,0,0,0,0,0,0,0,0,0,0,0,0,0,0,0,0,0,0,0,0,0,0,0,0
미국 (앨라배마),Elantra(AD),수출,785,639,1544,1852,1810,1361,1600,1402,1863,1766,1104,465,656,803,501,614,766,603,448,510,529,927,698,438,724,689,728,694,519,103,450,45,255,300,285,270,510,300,345,360,285,334,375,14,0,0,0,0,186,300,0,0,0,0,0,105,60,45,0,3,0,0,0,0,0,0,0,0,0,0,0,0,0,0,0,0,0,0,0,0,0,0,0,0,0,0,0,0,0,0,0,0,0,0,0,0,0,0,0,0,0,0,0,0,0,0,0,0,0,0
미국 (앨라배마),Sonata (DN8),수출,0,0,0,0,0,0,0,0,0,0,0,0,0,0,0,0,0,0,0,0,0,0,0,0,0,0,0,0,0,0,0,0,0,0,0,0,0,0,0,0,0,0,0,0,0,0,0,0,301,287,239,0,105,62,11,566,441,393,430,374,0,0,0,180,60,120,90,30,150,150,495,60,45,30,120,75,15,150,90,105,45,135,90,45,120,90,165,240,135,15,0,0,0,0,0,0,0,0,0,0,0,0,0,0,0,0,0,0,0,0
미국 (앨라배마),Sonata(LF),수출,725,975,1154,1283,965,1384,573,749,852,1037,836,729,339,240,412,583,52,1138,831,687,475,272,437,288,600,607,587,604,694,501,379,399,568,425,445,330,264,222,326,376,324,384,102,200,3,0,0,0,0,0,0,0,0,0,0,0,0,0,0,0,0,0,0,0,0,0,0,0,0,0,0,0,0,0,0,0,0,0,0,0,0,0,0,0,0,0,0,0,0,0,0,0,0,0,0,0,0,0,0,0,0,0,0,0,0,0,0,0,0,0
미국 (앨라배마),Santa Fe(DM),수출,0,0,0,0,0,0,0,0,0,0,0,0,810,550,1170,360,1755,1050,872,662,470,912,530,1166,89,10,0,0,0,0,0,0,0,0,0,0,0,0,0,0,0,0,0,0,0,0,9,882,0,0,0,0,0,0,0,0,0,0,0,0,478,356,196,299,72,453,446,406,65,311,229,129,178,172,2,0,0,0,0,0,0,0,0,0,0,0,0,0,0,0,0,0,0,0,0,0,0,0,0,0,0,0,0,0,0,0,0,0,0,0
미국 (앨라배마),Tucson(NX4a),수출,0,0,0,0,0,0,0,0,0,0,0,0,0,0,0,0,0,0,0,0,0,0,0,0,0,0,0,0,0,0,0,0,0,0,0,0,0,0,0,0,0,0,0,0,0,0,0,0,0,0,0,0,0,0,0,0,0,0,0,0,0,0,0,0,0,0,0,0,0,0,0,0,0,0,0,0,0,0,0,0,0,0,0,0,0,0,0,0,0,0,0,0,0,0,0,0,0,0,0,0,0,0,1367,1166,1068,1089,967,1390,1500,1634
미국 (앨라배마),Tucson(NX4a OB),수출,0,0,0,0,0,0,0,0,0,0,0,0,0,0,0,0,0,0,0,0,0,0,0,0,0,0,0,0,0,0,0,0,0,0,0,0,0,0,0,0,0,0,0,0,0,0,0,0,0,0,0,0,0,0,0,0,0,0,0,0,0,0,0,0,0,12,223,321,137,226,197,80,173,292,486,273,534,415,472,211,707,471,417,400,463,388,447,371,420,395,287,478,425,358,214,664,348,563,384,527,313,555,113,289,193,395,230,404,395,424
미국 (앨라배마),Santa Fe (TM),수출,0,0,0,0,0,0,0,0,0,0,0,0,0,0,0,0,0,0,0,0,0,0,0,0,0,0,0,0,0,1068,1234,1430,2300,1957,1663,1326,1790,1693,2003,2028,1972,1483,1578,1734,1052,1074,1048,1089,870,931,467,8,869,391,1206,2234,1404,277,250,2968,1472,1392,1492,1550,875,736,1680,852,526,808,804,423,1188,989,1028,670,833,826,923,729,780,727,943,693,832,832,1220,781,861,1040,785,1094,908,808,821,573,198,30,9,0,0,0,0,0,0,0,0,0,0,0
미국 (앨라배마),Santa Fe (MX5),수출,0,0,0,0,0,0,0,0,0,0,0,0,0,0,0,0,0,0,0,0,0,0,0,0,0,0,0,0,0,0,0,0,0,0,0,0,0,0,0,0,0,0,0,0,0,0,0,0,0,0,0,0,0,0,0,0,0,0,0,0,0,0,0,0,0,0,0,0,0,0,0,0,0,0,0,0,0,0,0,0,0,0,0,0,0,0,0,0,0,0,0,0,0,0,0,0,80,1233,1829,1205,965,987,859,883,933,682,646,597,797,665
미국 (앨라배마),Santa Fe HEV (MX5),수출,0,0,0,0,0,0,0,0,0,0,0,0,0,0,0,0,0,0,0,0,0,0,0,0,0,0,0,0,0,0,0,0,0,0,0,0,0,0,0,0,0,0,0,0,0,0,0,0,0,0,0,0,0,0,0,0,0,0,0,0,0,0,0,0,0,0,0,0,0,0,0,0,0,0,0,0,0,0,0,0,0,0,0,0,0,0,0,0,0,0,0,0,0,0,0,0,0,0,0,0,0,0,7,0,0,0,0,0,0,0
미국 (앨라배마),GV70 (JKa),수출,0,0,0,0,0,0,0,0,0,0,0,0,0,0,0,0,0,0,0,0,0,0,0,0,0,0,0,0,0,0,0,0,0,0,0,0,0,0,0,0,0,0,0,0,0,0,0,0,0,0,0,0,0,0,0,0,0,0,0,0,0,0,0,0,0,0,0,0,0,0,0,0,0,0,0,0,0,0,0,0,0,0,0,0,0,0,0,0,0,0,20,0,13,21,16,19,1,0,24,28,24,7,0,0,1,0,0,0,0,0
미국 (앨라배마),GV70 EV (Jka EV),수출,0,0,0,0,0,0,0,0,0,0,0,0,0,0,0,0,0,0,0,0,0,0,0,0,0,0,0,0,0,0,0,0,0,0,0,0,0,0,0,0,0,0,0,0,0,0,0,0,0,0,0,0,0,0,0,0,0,0,0,0,0,0,0,0,0,0,0,0,0,0,0,0,0,0,0,0,0,0,0,0,0,0,0,0,0,0,2,6,0,0,5,1,3,3,3,3,0,0,1,3,1,1,0,0,1,0,4,0,2,0
미국 (조지아),Ioniq5 (NEa),내수,0,0,0,0,0,0,0,0,0,0,0,0,0,0,0,0,0,0,0,0,0,0,0,0,0,0,0,0,0,0,0,0,0,0,0,0,0,0,0,0,0,0,0,0,0,0,0,0,0,0,0,0,0,0,0,0,0,0,0,0,0,0,0,0,0,0,0,0,0,0,0,0,0,0,0,0,0,0,0,0,0,0,0,0,0,0,0,0,0,0,0,0,0,0,0,0,0,0,0,0,0,0,0,0,0,0,0,1006,1623,4073
체코,i30(GD),내수,6847,7152,6812,7099,7416,7218,3067,6018,6118,6787,6985,2052,0,0,0,0,0,0,0,0,0,0,0,0,0,0,0,0,0,0,0,0,0,0,0,0,0,0,0,0,0,0,0,0,0,0,0,0,0,0,0,0,0,0,0,0,0,0,0,0,0,0,0,0,0,0,0,0,0,0,0,0,0,0,0,0,0,0,0,0,0,0,0,0,0,0,0,0,0,0,0,0,0,0,0,0,0,0,0,0,0,0,0,0,0,0,0,0,0,0
체코,i30(PD),내수,0,0,0,0,0,0,0,3,13,10,15,4522,0,0,0,0,0,0,0,0,0,0,0,0,0,0,0,0,0,0,0,0,0,0,0,0,0,0,0,0,0,0,0,0,0,0,0,0,0,0,0,0,0,0,0,0,0,0,0,0,0,0,0,0,0,0,0,0,0,0,0,0,0,0,0,0,0,0,0,0,0,0,0,0,0,0,0,0,0,0,0,0,0,0,0,0,0,0,0,0,0,0,0,0,0,0,0,0,0,0
체코,ix20(JC),내수,2672,3407,3600,3127,3179,3358,1490,2957,2822,2206,2696,2098,0,0,0,0,0,0,0,0,0,0,0,0,0,0,0,0,0,0,0,0,0,0,0,0,0,0,0,0,0,0,0,0,0,0,0,0,0,0,0,0,0,0,0,0,0,0,0,0,0,0,0,0,0,0,0,0,0,0,0,0,0,0,0,0,0,0,0,0,0,0,0,0,0,0,0,0,0,0,0,0,0,0,0,0,0,0,0,0,0,0,0,0,0,0,0,0,0,0
체코,ix35 (TL),내수,18705,20549,20701,20986,21927,22450,10959,24052,24562,22111,23719,15980,0,0,0,0,0,0,0,0,0,0,0,0,0,0,0,0,0,0,0,0,0,0,0,0,0,0,0,0,0,0,0,0,0,0,0,0,0,0,0,0,0,0,0,0,0,0,0,0,0,0,0,0,0,0,0,0,0,0,0,0,0,0,0,0,0,0,0,0,0,0,0,0,0,0,0,0,0,0,0,0,0,0,0,0,0,0,0,0,0,0,0,0,0,0,0,0,0,0
체코,i30(GD),수출,0,0,0,0,0,0,0,0,0,0,0,0,1381,1828,2355,2402,28,0,0,0,0,0,0,0,0,0,0,0,0,0,0,0,0,0,0,0,0,0,0,0,0,0,0,0,0,0,0,0,0,0,0,0,0,0,0,0,0,0,0,0,0,0,0,0,0,0,0,0,0,0,0,0,0,0,0,0,0,0,0,0,0,0,0,0,0,0,0,0,0,0,0,0,0,0,0,0,0,0,0,0,0,0,0,0,0,0,0,0,0,0
체코,i30(PD),수출,0,0,0,0,0,0,0,0,0,0,0,0,7143,6177,7426,6006,8357,8164,3650,5174,6302,9126,8553,7694,6672,4861,5426,6323,7180,6755,3770,4539,5750,6782,5875,3267,3037,5687,5324,5374,7031,5581,6588,4263,6278,5168,5221,4777,5480,3952,3086,1393,2550,3003,1828,2885,4158,5594,3594,4252,4257,4779,6167,4480,5714,4491,3092,2983,4308,4623,5056,1718,3030,5458,6900,5304,5377,5163,3587,3529,3999,4789,3609,4358,3512,3678,4719,3340,3720,4140,2837,3795,4006,4218,4008,2689,5861,4863,5174,4489,6022,5711,5149,3594,5238,4410,1980,2344,2621,1931
체코,i30(PDN),수출,0,0,0,0,0,0,0,0,0,0,0,0,0,0,0,0,0,0,0,0,0,0,0,0,351,603,618,487,528,405,813,1044,1114,916,1709,1501,1456,1368,1308,1539,1513,1151,472,1741,1326,846,868,757,867,584,358,262,397,831,639,241,487,341,5,0,0,2,740,482,1161,1360,737,949,687,428,151,408,382,335,332,839,630,483,808,532,709,395,541,517,517,426,501,735,602,676,661,566,621,586,481,723,942,1000,1184,984,249,58,333,226,207,282,62,19,155,260
체코,ix20(JC),수출,0,0,0,0,0,0,0,0,0,0,0,0,1794,2257,2672,2445,2865,3390,2290,3194,2966,2825,2219,1746,2003,2175,1956,2906,2835,1774,0,1199,1061,1612,2054,2145,1858,2417,2691,2501,2603,751,776,0,0,0,6,0,0,0,0,0,0,0,0,0,0,0,0,0,0,0,0,0,0,0,0,0,0,0,0,0,0,0,0,0,0,0,0,0,0,0,0,0,0,0,0,0,0,0,0,0,0,0,0,0,0,0,0,0,0,0,0,0,0,0,0,0,0,0
체코,ix35 (TL),수출,0,0,0,0,0,0,0,0,0,0,0,0,21992,20253,22457,15966,19861,20961,13147,18947,21347,22069,20342,15247,20489,19286,17856,18900,19470,20686,14178,21934,21486,24708,24372,17648,0,0,0,0,0,0,0,0,0,0,0,0,0,0,0,0,0,0,0,0,0,0,0,0,0,0,0,0,0,0,0,0,0,0,0,0,0,0,0,0,0,0,0,0,0,0,0,0,0,0,0,0,0,0,0,0,0,0,0,0,0,0,0,0,0,0,0,0,0,0,0,0,0,0
체코,Kona EV (OS EV),수출,0,0,0,0,0,0,0,0,0,0,0,0,0,0,0,0,0,0,0,0,0,0,0,0,0,0,0,0,0,0,0,0,0,0,0,0,0,0,0,0,0,0,0,0,0,0,0,0,0,0,2180,812,2159,4234,2848,2252,4273,3301,2660,3064,1706,1158,1756,1867,1731,1757,893,2006,2616,2680,1658,2815,2405,1445,2314,2408,3178,3089,2092,2660,2812,2606,2893,1926,3349,3531,4488,3473,3701,3698,2033,230,0,0,0,0,0,0,0,0,0,0,0,0,0,0,0,0,0,0
체코,Kona EV (SX2e EV),수출,0,0,0,0,0,0,0,0,0,0,0,0,0,0,0,0,0,0,0,0,0,0,0,0,0,0,0,0,0,0,0,0,0,0,0,0,0,0,0,0,0,0,0,0,0,0,0,0,0,0,0,0,0,0,0,0,0,0,0,0,0,0,0,0,0,0,0,0,0,0,0,0,0,0,0,0,0,0,0,0,0,0,0,0,0,0,6,0,1,2,5,2923,4428,4934,4596,2264,3286,3146,2868,2944,2859,3118,2740,2393,2160,1938,3283,2114,2722,3345
체코,Tucson (TL),수출,0,0,0,0,0,0,0,0,0,0,0,0,0,0,0,0,0,0,0,0,0,0,0,0,0,0,0,0,0,0,0,0,0,0,0,0,13503,13148,18998,18905,19362,17517,19079,16553,21904,20069,20021,16082,14791,12621,12520,4646,8244,12289,12722,16296,17364,13611,4320,882,42,0,0,0,0,0,0,0,0,0,0,0,0,0,0,0,0,0,0,0,0,0,0,0,0,0,0,0,0,0,0,0,0,0,0,0,0,0,0,0,0,0,0,0,0,0,0,0,0,0
체코,Tucson (NX4),수출,0,0,0,0,0,0,0,0,0,0,0,0,0,0,0,0,0,0,0,0,0,0,0,0,0,0,0,0,0,0,0,0,0,0,0,0,0,0,0,0,0,0,0,0,0,0,0,0,0,0,0,0,0,12,3,12,7,1937,11731,12170,8075,9109,13522,11815,10881,13894,9657,10570,10878,10215,12459,9392,9099,12228,13036,11975,12279,14433,10940,10861,13279,10910,11487,11245,11607,12684,14305,11029,14152,14160,9268,11842,12878,14087,12969,10415,12572,12653,10559,12803,13623,9964,9855,7761,12198,10991,12071,11598,9552,10421
체코,Tucson (NX4e HEV),수출,0,0,0,0,0,0,0,0,0,0,0,0,0,0,0,0,0,0,0,0,0,0,0,0,0,0,0,0,0,0,0,0,0,0,0,0,0,0,0,0,0,0,0,0,0,0,0,0,0,0,0,0,0,1,7,0,3,242,4290,5389,4514,3237,4440,2844,3713,2957,2734,2588,3688,4413,4325,3167,4096,3057,3600,4174,5890,6204,3683,4339,5228,4376,5546,5069,4039,6020,6678,5531,5848,6314,4126,5386,6301,5972,6412,4635,5763,5563,5266,6871,6535,6966,5476,4884,7113,7961,7339,5391,5765,5300
체코,Tucson (NX4e PHEV),수출,0,0,0,0,0,0,0,0,0,0,0,0,0,0,0,0,0,0,0,0,0,0,0,0,0,0,0,0,0,0,0,0,0,0,0,0,0,0,0,0,0,0,0,0,0,0,0,0,0,0,0,0,0,0,0,0,0,0,0,0,1,1,1487,3384,2401,2432,1943,2546,2641,1952,933,1354,2378,2131,1967,2823,2901,2664,2828,3196,3483,3764,2933,2059,1570,2911,3296,2272,2531,2914,1779,2059,2415,2503,2356,1319,2209,1636,1338,2048,2107,2015,2226,1452,1860,2009,1571,1183,1878,2331
러시아 (상트페테르부르크),Solaris(RBr),내수,3350,9218,8984,9400,9260,9605,5366,9176,6694,4305,4364,3853,0,0,0,0,0,0,0,0,0,0,0,0,0,0,0,0,0,0,0,0,0,0,0,0,0,0,0,0,0,0,0,0,0,0,0,0,0,0,0,0,0,0,0,0,0,0,0,0,0,0,0,0,0,0,0,0,0,0,0,0,0,0,0,0,0,0,0,0,0,0,0,0,0,0,0,0,0,0,0,0,0,0,0,0,0,0,0,0,0,0,0,0,0,0,0,0,0,0
러시아 (상트페테르부르크),Solaris(HCr),내수,0,0,0,0,0,0,0,0,0,0,0,0,0,3226,7645,8714,8600,9970,4348,5378,4223,4801,4197,4403,5616,6128,6520,6790,6055,5338,3472,5552,6179,5529,4666,5068,6253,6417,6328,5348,5208,3856,4512,4240,4255,4155,3981,4532,3891,5236,5000,276,1334,3340,2441,5230,5849,5537,4345,4560,4597,4865,4829,6647,5924,5724,2930,6371,5693,4504,3949,5402,6479,5125,567,226,25,1,0,0,0,541,0,0,0,0,0,0,0,0,0,0,0,0,0,0,0,0,0,0,0,0,0,0,0,0,0,0,0,0
러시아 (상트페테르부르크),Creta(GSr),내수,0,0,0,0,0,0,70,4086,4912,4605,4645,3882,3686,3983,4738,4531,4735,4742,2400,5700,6447,7137,6512,6494,4668,4866,5385,5682,6102,5239,3447,6885,6418,6978,5930,6478,6572,6036,6575,6447,5314,5566,4665,7353,6610,6773,6240,6401,5533,5920,6347,1136,5545,6127,5110,6946,6666,7484,6096,8318,3718,6810,6664,5523,5590,6560,2742,13,0,0,0,0,0,0,0,0,0,0,0,0,0,0,0,0,0,0,0,0,0,0,0,0,0,0,0,0,0,0,0,0,0,0,0,0,0,0,0,0,0,0
러시아 (상트페테르부르크),Creta (SU2r),내수,0,0,0,0,0,0,0,0,0,0,0,0,0,0,0,0,0,0,0,0,0,0,0,0,0,0,0,0,0,0,0,0,0,0,0,0,0,0,0,0,0,0,0,0,0,0,0,0,0,0,0,0,0,0,0,0,0,0,0,0,0,0,0,0,0,0,2706,3839,3938,7436,5060,4713,3535,3415,1501,1804,1424,3,0,0,0,361,0,0,0,0,0,0,0,0,0,0,0,0,0,0,0,0,0,0,0,0,0,0,0,0,0,0,0,0
러시아 (상트페테르부르크),Rio,내수,3350,7800,7400,7420,8256,9988,5500,8152,9020,10178,9707,7557,12153,8950,8147,6019,5832,5293,0,0,0,0,0,0,0,0,0,0,0,0,0,0,0,0,0,0,0,0,0,0,0,0,0,0,0,0,0,0,0,0,0,0,0,0,0,0,0,0,0,0,0,0,0,0,0,0,0,0,0,0,0,0,0,0,0,0,0,0,0,0,0,0,0,0,0,0,0,0,0,0,0,0,0,0,0,0,0,0,0,0,0,0,0,0,0,0,0,0,0,0
러시아 (상트페테르부르크),Rio(FB),내수,0,0,0,0,0,0,0,0,0,0,0,0,0,0,0,0,0,125,4266,11692,9556,10377,9454,9026,7184,7852,7554,7884,8060,7756,4872,9763,8158,10512,8920,8576,6407,7552,7093,9468,6914,7940,4728,9046,8604,9445,8192,9638,6592,7820,7200,624,2299,8865,4749,7441,9117,9380,7795,10121,5688,6696,7824,7897,4658,6711,5003,9010,7459,5682,6137,8759,5748,6277,902,6,1,0,0,0,0,440,0,0,0,0,0,0,0,0,0,0,0,0,0,0,0,0,0,0,0,0,0,0,0,0,0,0,0,0
러시아 (상트페테르부르크),Solaris(RBr),수출,0,582,198,252,440,761,264,510,306,605,629,1233,16,0,0,0,0,0,0,0,0,0,0,0,0,0,0,0,0,0,0,0,0,0,0,0,0,0,0,0,0,0,0,0,0,0,0,0,0,0,0,0,0,0,0,0,0,0,0,0,0,0,0,0,0,0,0,0,0,0,0,0,0,0,0,0,0,0,0,0,0,0,0,0,0,0,0,0,0,0,0,0,0,0,0,0,0,0,0,0,0,0,0,0,0,0,0,0,0,0
러시아 (상트페테르부르크),Solaris(HCr),수출,0,0,0,0,0,0,0,0,0,0,0,0,0,4,80,231,153,380,192,224,307,249,289,310,234,395,380,320,481,266,268,548,412,471,210,532,623,433,322,452,136,285,628,860,545,545,549,337,709,64,748,104,32,1072,377,331,876,1256,1130,1170,929,892,986,1070,930,1191,616,863,782,359,418,688,564,1057,165,42,3,4,0,0,0,0,0,0,0,0,0,0,0,0,0,0,0,0,0,0,0,0,0,0,0,0,0,0,0,0,0,0,0,0
러시아 (상트페테르부르크),Creta(GSr),수출,0,0,0,0,0,0,0,28,188,195,305,203,41,137,212,124,116,195,70,298,323,323,152,385,132,350,305,279,332,366,213,315,391,322,304,83,119,514,375,453,392,601,495,147,490,627,730,605,267,716,524,14,98,242,430,350,433,710,664,694,270,805,370,540,528,471,0,0,0,0,0,0,0,0,0,0,0,0,0,0,0,0,0,0,0,0,0,0,0,0,0,0,0,0,0,0,0,0,0,0,0,0,0,0,0,0,0,0,0,0
러시아 (상트페테르부르크),Creta (SU2r),수출,0,0,0,0,0,0,0,0,0,0,0,0,0,0,0,0,0,0,0,0,0,0,0,0,0,0,0,0,0,0,0,0,0,0,0,0,0,0,0,0,0,0,0,0,0,0,0,0,0,0,0,0,0,0,0,0,0,0,0,0,0,0,0,0,0,0,0,700,338,302,350,614,499,528,201,20,181,840,5,0,0,0,0,0,0,0,0,0,0,0,0,0,0,0,0,0,0,0,0,0,0,0,0,0,0,0,0,0,0,0
러시아 (상트페테르부르크),Rio,수출,0,0,0,56,56,224,0,48,80,112,0,96,4,0,8,181,64,168,16,3,0,0,0,0,0,0,0,0,0,0,0,0,0,0,0,0,0,0,0,0,0,0,0,0,0,0,0,0,0,0,0,0,0,0,0,0,0,0,0,0,0,0,0,0,0,0,0,0,0,0,0,0,0,0,0,0,0,0,0,0,0,0,0,0,0,0,0,0,0,0,0,0,0,0,0,0,0,0,0,0,0,0,0,0,0,0,0,0,0,0
러시아 (상트페테르부르크),Rio(FB),수출,0,0,0,0,0,0,0,0,0,0,0,0,0,0,0,0,0,0,8,5,144,113,96,300,216,48,356,456,440,344,328,237,144,388,680,272,417,448,407,332,336,452,272,554,796,655,508,596,1008,680,636,264,412,640,376,402,528,848,904,440,356,936,1359,1271,864,992,1024,664,1032,520,568,935,824,1000,372,144,123,14,9,0,0,0,0,0,0,0,0,0,0,0,0,0,0,0,0,0,0,0,0,0,0,0,0,0,0,0,0,0,0,0
인도네시아,Stargazer (KS),내수,0,0,0,0,0,0,0,0,0,0,0,0,0,0,0,0,0,0,0,0,0,0,0,0,0,0,0,0,0,0,0,0,0,0,0,0,0,0,0,0,0,0,0,0,0,0,0,0,0,0,0,0,0,0,0,0,0,0,0,0,0,0,0,0,0,0,0,0,0,0,0,0,0,0,0,0,0,0,769,4471,3535,3181,1106,314,994,2009,1772,574,1005,513,689,1684,1473,1751,812,877,1615,1964,1063,755,589,1223,600,782,618,715,722,1039,201,726
인도네시아,Kona EV (SX2id EV),내수,0,0,0,0,0,0,0,0,0,0,0,0,0,0,0,0,0,0,0,0,0,0,0,0,0,0,0,0,0,0,0,0,0,0,0,0,0,0,0,0,0,0,0,0,0,0,0,0,0,0,0,0,0,0,0,0,0,0,0,0,0,0,0,0,0,0,0,0,0,0,0,0,0,0,0,0,0,0,0,0,0,0,0,0,0,0,0,0,0,0,0,0,0,0,0,0,0,0,0,0,0,0,304,165,170,176,434,124,61,63
인도네시아,IONIQ5 (NE),내수,0,0,0,0,0,0,0,0,0,0,0,0,0,0,0,0,0,0,0,0,0,0,0,0,0,0,0,0,0,0,0,0,0,0,0,0,0,0,0,0,0,0,0,0,0,0,0,0,0,0,0,0,0,0,0,0,0,0,0,0,0,0,0,0,0,0,0,0,0,0,0,0,0,0,0,150,215,94,189,277,333,250,305,46,242,201,649,950,974,1023,499,431,675,638,527,542,752,236,28,27,11,76,62,92,27,44,77,978,0,0
인도네시아,IONIQ5 (NEid N),내수,0,0,0,0,0,0,0,0,0,0,0,0,0,0,0,0,0,0,0,0,0,0,0,0,0,0,0,0,0,0,0,0,0,0,0,0,0,0,0,0,0,0,0,0,0,0,0,0,0,0,0,0,0,0,0,0,0,0,0,0,0,0,0,0,0,0,0,0,0,0,0,0,0,0,0,0,0,0,0,0,0,0,0,0,0,0,0,0,0,0,0,0,0,0,0,0,0,0,0,0,0,0,0,0,0,28,10,33,10,1
인도네시아,Santa Fe (TMid),내수,0,0,0,0,0,0,0,0,0,0,0,0,0,0,0,0,0,0,0,0,0,0,0,0,0,0,0,0,0,0,0,0,0,0,0,0,0,0,0,0,0,0,0,0,0,0,0,0,0,0,0,0,0,0,0,0,0,0,0,0,0,0,0,0,0,0,0,0,0,0,0,0,0,0,0,19,104,36,149,161,142,132,108,102,154,110,27,128,86,65,77,44,86,20,15,52,116,23,22,37,27,82,36,42,9,17,31,145,0,0
인도네시아,Santa Fe (MX5id),내수,0,0,0,0,0,0,0,0,0,0,0,0,0,0,0,0,0,0,0,0,0,0,0,0,0,0,0,0,0,0,0,0,0,0,0,0,0,0,0,0,0,0,0,0,0,0,0,0,0,0,0,0,0,0,0,0,0,0,0,0,0,0,0,0,0,0,0,0,0,0,0,0,0,0,0,0,0,0,0,0,0,0,0,0,0,0,0,0,0,0,0,0,0,0,0,0,0,0,0,0,0,0,0,0,0,13,3,3,73,27
인도네시아,Santa Fe HEV (MX5id),내수,0,0,0,0,0,0,0,0,0,0,0,0,0,0,0,0,0,0,0,0,0,0,0,0,0,0,0,0,0,0,0,0,0,0,0,0,0,0,0,0,0,0,0,0,0,0,0,0,0,0,0,0,0,0,0,0,0,0,0,0,0,0,0,0,0,0,0,0,0,0,0,0,0,0,0,0,0,0,0,0,0,0,0,0,0,0,0,0,0,0,0,0,0,0,0,0,0,0,0,0,0,0,0,0,0,177,115,171,121,298
인도네시아,Creta (SU2id),내수,0,0,0,0,0,0,0,0,0,0,0,0,0,0,0,0,0,0,0,0,0,0,0,0,0,0,0,0,0,0,0,0,0,0,0,0,0,0,0,0,0,0,0,0,0,0,0,0,0,0,0,0,0,0,0,0,0,0,0,0,0,0,0,0,0,0,0,0,0,0,0,0,1510,2438,2810,1093,957,1419,912,1701,1457,1587,884,1105,610,680,1052,429,999,559,262,212,72,493,630,447,1013,877,584,220,193,429,346,449,393,323,108,1066,634,491
인도네시아,Stargazer (KS),수출,0,0,0,0,0,0,0,0,0,0,0,0,0,0,0,0,0,0,0,0,0,0,0,0,0,0,0,0,0,0,0,0,0,0,0,0,0,0,0,0,0,0,0,0,0,0,0,0,0,0,0,0,0,0,0,0,0,0,0,0,0,0,0,0,0,0,0,0,0,0,0,0,0,0,0,0,0,0,6,0,1802,1500,1100,600,0,115,541,455,540,1054,619,654,1214,1119,1141,924,492,1318,1688,1363,1986,1529,2285,2230,2065,1151,1012,654,525,278
인도네시아,Kona EV (SX2id EV),수출,0,0,0,0,0,0,0,0,0,0,0,0,0,0,0,0,0,0,0,0,0,0,0,0,0,0,0,0,0,0,0,0,0,0,0,0,0,0,0,0,0,0,0,0,0,0,0,0,0,0,0,0,0,0,0,0,0,0,0,0,0,0,0,0,0,0,0,0,0,0,0,0,0,0,0,0,0,0,0,0,0,0,0,0,0,0,0,0,0,0,0,0,0,0,0,0,0,0,0,0,0,0,0,0,0,1,0,0,0,1
인도네시아,IONIQ5 (NE),수출,0,0,0,0,0,0,0,0,0,0,0,0,0,0,0,0,0,0,0,0,0,0,0,0,0,0,0,0,0,0,0,0,0,0,0,0,0,0,0,0,0,0,0,0,0,0,0,0,0,0,0,0,0,0,0,0,0,0,0,0,0,0,0,0,0,0,0,0,0,0,0,0,0,0,0,0,0,0,0,0,0,0,1,0,0,0,0,0,0,0,0,0,0,0,0,0,0,0,0,0,0,0,0,0,0,0,0,0,0,0
인도네시아,Creta (SU2id),수출,0,0,0,0,0,0,0,0,0,0,0,0,0,0,0,0,0,0,0,0,0,0,0,0,0,0,0,0,0,0,0,0,0,0,0,0,0,0,0,0,0,0,0,0,0,0,0,0,0,0,0,0,0,0,0,0,0,0,0,0,0,0,0,0,0,0,0,0,0,0,0,0,0,853,1946,2611,3099,4043,5162,5413,4854,3415,2864,3179,4084,3502,3079,2623,4045,4888,4569,4750,3530,2733,4851,3408,3012,3147,4183,2232,3459,4399,4076,4458,5205,2989,3328,4181,2423,4032
브라질 (피라시카바),HB,내수,7012,11808,15108,13103,14012,12918,13337,13412,14804,14300,15446,14378,9742,9057,11230,9215,10837,11648,11510,13133,11921,12150,11502,12036,9546,9134,12204,11817,12212,11690,12153,13165,12435,11868,11251,10551,8023,11428,11632,13693,13955,11036,11335,12080,7767,583,57,77,1,0,0,0,0,0,0,0,0,0,0,0,0,0,0,0,0,0,0,0,0,0,0,0,0,0,0,0,0,0,0,0,0,0,0,0,0,0,0,0,0,0,0,0,0,0,0,0,0,0,0,0,0,0,0,0,0,0,0,0,0,0
브라질 (피라시카바),HB(BR2),내수,0,0,0,0,0,0,0,0,0,0,0,0,0,0,0,0,0,0,0,0,0,0,0,0,0,0,0,0,0,0,0,0,0,0,0,0,0,0,0,0,0,0,0,0,5323,8194,11293,12423,6406,11213,6822,2832,3199,6907,9329,11760,10982,12493,11626,11773,7288,10049,9738,9450,10178,10865,6259,7645,9319,7552,10118,11141,8263,8269,11663,8515,8827,8792,11310,13098,10567,11953,10566,9127,4221,6910,10531,6754,4688,13613,12304,12993,13221,11993,11655,11547,5752,6756,10697,10386,10483,11871,10270,11975,12370,15261,14248,9420,0,0
브라질 (피라시카바),Creta,내수,0,0,0,0,0,0,0,0,0,0,0,0,3663,3093,3515,3500,3863,2963,4118,3768,3981,4265,4238,3867,2866,3006,3497,3885,3892,3810,5050,5044,4895,5138,4483,4364,3260,3183,4382,4216,4648,5369,6817,6906,4028,3685,5196,5768,2777,4818,2752,849,1609,2944,3232,4826,5399,4583,5938,5954,3429,6216,5915,5834,7099,6027,4547,3347,2001,3518,2645,1464,172,1501,10,2118,2650,2842,1198,1122,802,593,1596,1799,1019,973,1387,904,246,493,1042,999,894,430,3124,1104,534,877,362,1005,890,1341,1343,1192,568,341,13,16,0,0
브라질 (피라시카바),Creta (SU2b),내수,0,0,0,0,0,0,0,0,0,0,0,0,0,0,0,0,0,0,0,0,0,0,0,0,0,0,0,0,0,0,0,0,0,0,0,0,0,0,0,0,0,0,0,0,0,0,0,0,0,0,0,0,0,0,0,0,0,0,0,0,0,0,0,0,0,0,0,0,4060,2323,2943,4020,4149,4024,2937,3545,3778,3032,5020,5160,4342,4451,4575,4584,3886,3634,4174,3692,4371,3397,4962,4876,3828,5451,4417,5663,4139,3261,4320,4472,4485,5490,5374,5840,3880,7068,7165,6859,0,0
브라질 (피라시카바),HB,수출,0,51,60,60,60,61,60,140,150,130,160,120,220,130,220,190,200,230,130,138,190,150,200,240,80,180,130,120,100,170,223,180,80,130,100,200,100,160,20,100,239,210,142,60,60,58,60,57,0,0,0,0,0,0,0,0,0,0,0,0,0,0,0,0,0,0,0,0,0,0,0,0,0,0,0,0,0,0,0,0,0,0,0,0,0,0,0,0,0,0,0,0,0,0,0,0,0,0,0,0,0,0,0,0,0,0,0,0,0,0
브라질 (피라시카바),HB(BR2),수출,0,0,0,0,0,0,0,0,0,0,0,0,0,0,0,0,0,0,0,0,0,0,0,0,0,0,0,0,0,0,0,0,0,0,0,0,0,0,0,0,0,0,0,0,2,1,0,278,190,200,150,0,0,0,535,100,411,388,682,460,856,928,768,700,917,642,592,915,530,803,831,1609,1160,1598,920,1888,1094,881,1124,934,220,1774,3262,190,1702,1073,2806,2145,837,1748,1984,1222,1471,839,1661,992,310,1069,862,930,760,1300,721,1197,716,1031,1370,996,0,0
브라질 (피라시카바),Creta,수출,0,0,0,0,0,0,0,0,0,0,0,0,0,0,0,0,0,0,48,42,96,112,112,136,88,104,104,120,80,88,96,88,72,65,40,80,140,242,413,97,0,252,331,157,139,169,116,332,85,67,317,0,0,0,92,8,241,264,58,64,40,262,344,296,456,334,238,373,236,291,340,58,27,4,288,128,72,0,72,6,0,0,33,66,33,0,33,66,12,54,33,0,48,2,6,0,0,0,48,89,56,64,64,56,56,40,48,0,0,0
브라질 (피라시카바),Creta (SU2b),수출,0,0,0,0,0,0,0,0,0,0,0,0,0,0,0,0,0,0,0,0,0,0,0,0,0,0,0,0,0,0,0,0,0,0,0,0,0,0,0,0,0,0,0,0,0,0,0,0,0,0,0,0,0,0,0,0,0,0,0,0,0,0,0,0,0,0,0,0,0,0,0,0,0,4,0,0,232,128,152,70,224,64,92,112,76,188,108,96,104,80,76,189,130,38,132,72,32,184,72,268,171,106,209,0,345,285,172,179,0,0
브라질,전 차량,내수,0,0,0,0,0,0,0,0,0,0,0,0,0,0,0,0,0,0,0,0,0,0,0,0,0,0,0,0,0,0,0,0,0,0,0,0,0,0,0,0,0,0,0,0,0,0,0,0,626,151,616,1502,1553,1573,1433,1366,1433,1502,1761,723,168,300,773,1334,965,907,865,442,410,214,452,137,143,219,301,247,98,64,80,63,50,101,57,77,60,80,52,40,49,61,65,50,31,24,60,111,50,50,91,94,83,62,80,93,106,162,120,76,10,10
브라질,전 차량,수출,0,0,0,0,0,0,0,0,0,0,0,0,0,0,0,0,0,0,0,0,0,0,0,0,0,0,0,0,0,0,0,0,0,0,0,0,0,0,0,0,0,0,0,0,0,0,0,0,41,0,0,1,40,41,61,17,29,43,70,63,23,75,50,46,134,44,34,24,111,50,146,21,80,120,44,40,40,35,77,48,62,91,63,91,80,0,81,65,74,37,145,231,250,60,61,233,60,90,68,86,90,121,120,122,101,220,47,11,28,41
멕시코,NX4m,수출,0,0,0,0,0,0,0,0,0,0,0,0,0,0,0,0,0,0,0,0,0,0,0,0,0,0,0,0,0,0,0,0,0,0,0,0,0,0,0,0,0,0,0,0,0,0,0,0,0,0,0,0,0,0,0,0,0,0,0,0,0,0,0,0,0,0,0,0,0,0,0,0,0,0,0,0,0,0,0,0,0,0,0,0,0,0,0,0,0,0,0,0,0,0,0,0,0,0,0,0,0,809,2378,2821,2637,3048,2700,2097,2000,2109
중국 (충칭),LCV,내수,3766,3195,4602,4750,3910,2805,2155,2152,2311,2602,3503,2809,2906,3153,5101,3800,3800,1600,1300,1500,1500,1500,1201,1425,900,800,1250,1250,900,1109,1007,652,855,1005,1572,853,405,302,502,301,130,125,120,131,451,841,1002,903,0,0,0,0,0,0,0,0,0,0,0,0,0,0,0,0,0,0,0,0,0,0,0,0,0,0,0,0,0,0,0,0,0,0,0,0,0,0,0,0,0,0,0,0,0,0,0,0,0,0,0,0,0,0,0,0,0,0,0,0,0,0
중국 (충칭),LCV,수출,0,0,0,0,0,0,0,0,0,0,0,0,0,0,0,0,0,0,0,0,0,0,0,0,0,0,0,0,0,0,0,0,0,2,23,50,1,0,0,36,0,4,21,9,8,20,37,166,0,0,0,0,0,0,0,0,0,0,0,0,0,0,0,0,0,0,0,0,0,0,0,0,0,0,0,0,0,0,0,0,0,0,0,0,0,0,0,0,0,0,0,0,0,0,0,0,0,0,0,0,0,0,0,0,0,0,0,0,0,0
CKD (모듈형 조립 방식),PV,총합,0,0,0,0,0,0,0,0,0,0,0,0,0,0,0,0,0,0,0,0,0,0,0,0,0,0,0,0,0,0,0,0,0,0,0,0,0,0,0,0,0,0,0,0,0,0,0,0,3563,4112,4079,1120,1691,2894,2497,3007,3266,2893,4478,4299,5027,3829,4629,3640,3982,4016,4269,3269,4160,3754,4158,4599,3839,3535,3221,3741,3780,3821,3349,4361,3024,2972,2736,2283,3246,3261,3706,3377,4514,4581,4927,4441,4053,4572,4404,3461,5080,4010,4905,4945,5116,4534,5125,4443,5375,5567,5644,5348,4587,6443
CKD (모듈형 조립 방식),CV,총합,0,0,0,0,0,0,0,0,0,0,0,0,0,0,0,0,0,0,0,0,0,0,0,0,0,0,0,0,0,0,0,0,0,0,0,0,0,0,0,0,0,0,0,0,0,0,0,0,101,150,263,250,52,63,29,14,126,67,54,99,18,15,5,60,17,36,30,101,100,30,0,0,20,20,68,13,10,10,40,30,45,10,10,130,90,86,84,73,70,118,41,51,73,26,60,50,30,20,25,34,44,25,50,101,97,40,9,0,0,6
싱가포르,IONIQ5 (NE),내수,0,0,0,0,0,0,0,0,0,0,0,0,0,0,0,0,0,0,0,0,0,0,0,0,0,0,0,0,0,0,0,0,0,0,0,0,0,0,0,0,0,0,0,0,0,0,0,0,0,0,0,0,0,0,0,0,0,0,0,0,0,0,0,0,0,0,0,0,0,0,0,0,0,0,0,0,0,0,0,0,0,0,0,0,0,0,0,0,0,33,58,65,73,49,62,114,0,0,0,0,0,0,0,0,0,0,0,0,4,32
싱가포르,IONIQ6 (CE),내수,0,0,0,0,0,0,0,0,0,0,0,0,0,0,0,0,0,0,0,0,0,0,0,0,0,0,0,0,0,0,0,0,0,0,0,0,0,0,0,0,0,0,0,0,0,0,0,0,0,0,0,0,0,0,0,0,0,0,0,0,0,0,0,0,0,0,0,0,0,0,0,0,0,0,0,0,0,0,0,0,0,0,0,0,0,0,0,0,0,0,0,0,0,0,0,0,0,0,0,0,0,0,0,1,12,5,7,12,9,4
싱가포르,IONIQ5 (NE),수출,0,0,0,0,0,0,0,0,0,0,0,0,0,0,0,0,0,0,0,0,0,0,0,0,0,0,0,0,0,0,0,0,0,0,0,0,0,0,0,0,0,0,0,0,0,0,0,0,0,0,0,0,0,0,0,0,0,0,0,0,0,0,0,0,0,0,0,0,0,0,0,0,0,0,0,0,0,0,0,0,0,0,0,0,0,0,0,0,0,0,0,6,3,2,9,3,20,49,82,74,46,38,52,40,18,21,10,9,0,0
싱가포르,IONIQ5 Robotaxi (NE R),수출,0,0,0,0,0,0,0,0,0,0,0,0,0,0,0,0,0,0,0,0,0,0,0,0,0,0,0,0,0,0,0,0,0,0,0,0,0,0,0,0,0,0,0,0,0,0,0,0,0,0,0,0,0,0,0,0,0,0,0,0,0,0,0,0,0,0,0,0,0,0,0,0,0,0,0,0,0,0,0,0,0,0,0,0,0,0,0,0,0,0,0,0,0,0,0,0,0,24,0,0,3,0,13,6,0,0,1,0,0,0
기타,Others,총합,104,321,205,136,380,430,317,355,353,720,373,769,42,113,246,413,425,450,331,217,437,489,620,585,300,372,400,400,400,477,570,158,494,521,546,530,118,231,288,255,256,224,190,222,335,459,462,730,162,283,61,98,184,78,165,108,231,263,86,192,130,59,86,99,125,165,184,284,435,326,470,672,36,6,31,25,15,0,0,0,0,0,0,0,0,0,0,0,0,0,0,0,0,0,0,0,0,0,0,0,0,0,0,0,0,0,0,0,0,0
베트남,i10 (BA 4DR),내수,0,0,0,0,0,0,0,0,0,0,0,0,0,0,0,0,0,4,543,556,907,904,522,1238,858,738,1067,217,624,729,675,695,869,650,277,988,1018,660,715,666,779,962,543,540,420,526,613,419,1215,1529,1410,45,1032,1252,1534,1099,1999,1081,1615,1685,300,242,268,330,298,30,1,1,0,0,0,0,0,0,0,0,0,0,0,0,0,0,0,0,0,0,0,0,0,0,0,0,0,0,0,0,0,0,0,0,0,0,0,0,0,0,0,0,0,0
베트남,i10 (BA 5DR),내수,0,0,0,0,0,0,0,0,0,0,0,0,0,0,0,0,0,166,1361,654,1537,979,846,470,1324,248,732,878,996,876,783,754,537,634,678,823,904,301,180,1019,994,1197,1059,1010,1325,838,602,887,0,0,0,0,0,0,0,0,0,0,0,0,1047,541,960,909,685,625,2,1,0,0,0,0,0,0,0,0,0,0,0,0,0,0,0,0,0,0,0,0,0,0,0,0,0,0,0,0,0,0,0,0,0,0,0,0,0,0,0,0,0,0
베트남,i10(AI3v 4DR),내수,0,0,0,0,0,0,0,0,0,0,0,0,0,0,0,0,0,0,0,0,0,0,0,0,0,0,0,0,0,0,0,0,0,0,0,0,0,0,0,0,0,0,0,0,0,0,0,0,0,0,0,0,0,0,0,0,0,0,0,0,0,0,0,0,0,0,533,182,418,306,242,120,242,0,340,529,206,0,124,0,0,118,0,303,198,51,74,30,179,0,134,99,92,90,91,72,30,120,118,2,0,142,32,45,60,50,3,30,91,0
베트남,i10(AI3v 5DR),내수,0,0,0,0,0,0,0,0,0,0,0,0,0,0,0,0,0,0,0,0,0,0,0,0,0,0,0,0,0,0,0,0,0,0,0,0,0,0,0,0,0,0,0,0,0,0,0,0,0,0,0,0,0,0,0,0,0,0,0,0,0,0,0,0,0,0,771,487,779,363,181,926,453,791,358,130,460,720,900,543,657,620,1306,1107,361,653,640,562,150,428,447,393,471,409,588,628,387,359,301,28,5,270,490,621,560,907,389,301,275,330
베트남,Accent (HC),내수,0,0,0,0,0,0,0,0,0,0,0,0,0,0,0,0,0,0,0,0,0,0,0,0,0,0,0,0,794,963,1356,1442,1124,1932,1681,1514,1809,1045,1619,1287,1503,1321,1770,1762,1776,2071,1948,1982,1591,1950,1953,115,1496,1330,1272,1545,1800,2162,2186,2632,1573,1560,1974,2614,1981,1708,1650,1616,1438,1627,948,1521,1492,1403,1824,1242,1835,1705,1685,2220,2114,2360,2024,2319,891,1571,1670,933,1525,785,981,1338,1335,1746,1737,1062,896,775,1178,357,4,0,0,0,0,0,0,0,0,0
베트남,Avante (ADv),내수,0,0,0,0,0,0,0,0,0,0,0,0,0,0,0,0,0,0,0,0,0,0,0,0,0,0,0,0,0,0,0,0,0,0,0,0,0,0,0,0,0,0,0,0,0,0,0,0,0,0,0,0,0,0,0,0,0,0,0,0,360,390,419,234,244,448,328,236,68,1,2,538,0,0,0,0,0,0,0,0,0,0,0,0,0,0,0,0,0,0,0,0,0,0,0,0,0,0,0,0,0,0,0,0,0,0,0,0,0,0
베트남,Accent (BN7v),내수,0,0,0,0,0,0,0,0,0,0,0,0,0,0,0,0,0,0,0,0,0,0,0,0,0,0,0,0,0,0,0,0,0,0,0,0,0,0,0,0,0,0,0,0,0,0,0,0,0,0,0,0,0,0,0,0,0,0,0,0,0,0,0,0,0,0,0,0,0,0,0,0,0,0,0,0,0,0,0,0,0,0,0,0,0,0,0,0,0,0,0,0,0,0,0,0,0,0,0,0,623,828,1557,1551,1539,1592,1220,615,800,298
베트남,Elantra (AD),내수,0,0,0,0,0,0,0,0,0,0,0,0,0,0,0,0,415,518,4,264,96,4,260,64,512,715,150,669,262,732,632,658,610,238,726,873,597,363,632,91,721,717,418,422,305,510,123,389,240,370,408,12,267,527,516,496,441,532,60,333,0,0,0,0,0,0,0,0,0,0,0,0,1,179,285,13,4,0,0,0,0,0,0,0,0,0,0,0,0,0,0,0,0,0,0,0,0,0,0,0,0,0,0,0,0,0,0,0,0,0
베트남,Elantra (CN7v),내수,0,0,0,0,0,0,0,0,0,0,0,0,0,0,0,0,0,0,0,0,0,0,0,0,0,0,0,0,0,0,0,0,0,0,0,0,0,0,0,0,0,0,0,0,0,0,0,0,0,0,0,0,0,0,0,0,0,0,0,0,0,0,0,0,0,0,0,0,0,0,0,0,0,0,0,0,0,0,0,0,0,895,817,79,57,147,297,290,332,53,172,222,157,211,175,45,151,90,87,130,255,223,123,41,227,115,66,65,119,61
베트남,Kona (OS),내수,0,0,0,0,0,0,0,0,0,0,0,0,0,0,0,0,0,0,0,0,0,0,0,0,380,521,470,589,555,364,480,687,738,778,1045,360,370,509,693,481,596,598,487,484,360,785,619,629,300,512,646,85,504,576,896,791,553,898,724,600,659,303,571,745,781,299,91,146,547,209,476,395,386,330,63,2,0,0,0,0,0,0,0,0,0,0,0,0,0,0,0,0,0,0,0,295,0,0,0,0,0,0,0,0,0,0,0,0,0,0
베트남,Venue (QXv),내수,0,0,0,0,0,0,0,0,0,0,0,0,0,0,0,0,0,0,0,0,0,0,0,0,0,0,0,0,0,0,0,0,0,0,0,0,0,0,0,0,0,0,0,0,0,0,0,0,0,0,0,0,0,0,0,0,0,0,0,0,0,0,0,0,0,0,0,0,0,0,0,0,0,0,0,0,0,0,0,0,0,0,0,0,0,0,0,0,0,0,0,0,0,0,0,0,60,4,316,508,698,189,62,40,360,350,290,287,299,374
베트남,Creta (SU2v),내수,0,0,0,0,0,0,0,0,0,0,0,0,0,0,0,0,0,0,0,0,0,0,0,0,0,0,0,0,0,0,0,0,0,0,0,0,0,0,0,0,0,0,0,0,0,0,0,0,0,0,0,0,0,0,0,0,0,0,0,0,0,0,0,0,0,0,0,0,0,0,0,0,0,0,0,0,0,0,0,0,0,0,0,0,0,0,0,0,567,1148,654,464,230,724,803,454,388,316,821,570,660,563,684,694,663,958,988,444,812,788
베트남,Tucson (TL),내수,0,0,0,0,0,0,0,0,0,0,0,0,0,0,0,0,0,0,0,81,386,487,347,32,474,171,664,274,733,684,581,146,16,5,2,0,360,497,1059,486,699,515,954,759,860,844,892,805,645,610,746,20,666,913,1107,823,873,1121,1101,992,958,600,780,872,478,841,565,630,845,690,648,133,0,0,0,0,0,0,0,0,0,0,0,0,0,0,0,0,0,0,0,0,0,0,0,0,0,0,0,0,0,0,0,0,0,0,0,0,0,0
베트남,Tuscon (NX4v),내수,0,0,0,0,0,0,0,0,0,0,0,0,0,0,0,0,0,0,0,0,0,0,0,0,0,0,0,0,0,0,0,0,0,0,0,0,0,0,0,0,0,0,0,0,0,0,0,0,0,0,0,0,0,0,0,0,0,0,0,0,0,0,0,0,0,0,0,0,0,0,0,1041,450,360,455,594,595,668,658,1049,692,688,423,417,296,763,954,470,675,32,109,40,88,610,616,391,174,153,325,458,535,380,439,500,248,904,1182,634,673,460
베트남,Santa Fe (DM),내수,0,0,0,0,0,0,0,0,0,0,0,0,0,0,0,0,478,185,83,420,3,22,122,612,0,0,0,0,0,0,0,0,0,0,0,355,0,0,0,0,0,0,0,0,0,0,0,0,0,0,0,0,0,0,0,0,0,0,0,0,0,0,0,0,0,0,0,0,0,0,0,0,0,0,0,0,0,0,0,0,0,0,0,0,0,0,0,0,0,0,0,0,0,0,0,0,0,0,0,0,0,0,0,0,0,0,0,0,0,0
베트남,Santa Fe (TM),내수,0,0,0,0,0,0,0,0,0,0,0,0,0,0,0,0,0,0,0,0,0,0,0,0,0,0,0,0,0,0,0,141,383,713,906,843,369,243,443,779,927,724,900,764,892,779,805,862,1124,756,745,21,740,1057,1063,965,795,1026,1136,1267,832,697,910,292,1438,1591,1031,1250,933,807,873,1013,903,1019,930,675,466,743,1268,791,1005,983,878,906,1058,528,413,259,295,22,222,419,330,520,451,179,57,394,448,349,840,615,416,593,13,2,0,0,0,0
베트남,Santa Fe HEV (TMv HEV),내수,0,0,0,0,0,0,0,0,0,0,0,0,0,0,0,0,0,0,0,0,0,0,0,0,0,0,0,0,0,0,0,0,0,0,0,0,0,0,0,0,0,0,0,0,0,0,0,0,0,0,0,0,0,0,0,0,0,0,0,0,0,0,0,0,0,0,0,0,0,0,0,0,0,0,0,0,0,0,0,0,0,0,0,0,0,0,0,0,0,0,0,63,11,7,12,10,30,0,5,30,0,0,0,0,90,24,1,0,0,0
베트남,Palisade (LX2v),내수,0,0,0,0,0,0,0,0,0,0,0,0,0,0,0,0,0,0,0,0,0,0,0,0,0,0,0,0,0,0,0,0,0,0,0,0,0,0,0,0,0,0,0,0,0,0,0,0,0,0,0,0,0,0,0,0,0,0,0,0,0,0,0,0,0,0,0,0,0,0,0,0,0,0,0,0,0,0,0,0,0,0,0,0,0,0,0,0,0,0,0,0,30,147,139,245,186,208,96,120,270,93,91,51,150,284,76,74,88,59
베트남,Kusto (KUv),내수,0,0,0,0,0,0,0,0,0,0,0,0,0,0,0,0,0,0,0,0,0,0,0,0,0,0,0,0,0,0,0,0,0,0,0,0,0,0,0,0,0,0,0,0,0,0,0,0,0,0,0,0,0,0,0,0,0,0,0,0,0,0,0,0,0,0,0,0,0,0,0,0,0,0,0,0,0,0,0,0,0,0,0,0,0,0,0,0,0,0,0,0,163,368,604,666,422,207,89,152,410,147,121,126,411,246,88,7,187,103
베트남,IONIQ5 (NEv),내수,0,0,0,0,0,0,0,0,0,0,0,0,0,0,0,0,0,0,0,0,0,0,0,0,0,0,0,0,0,0,0,0,0,0,0,0,0,0,0,0,0,0,0,0,0,0,0,0,0,0,0,0,0,0,0,0,0,0,0,0,0,0,0,0,0,0,0,0,0,0,0,0,0,0,0,0,0,0,0,0,0,0,0,0,0,0,0,0,0,0,0,28,30,0,1,1,30,0,0,0,0,29,0,0,1,0,0,0,0,0
베트남,Porter (HR),내수,0,0,0,0,0,0,0,0,0,0,0,0,0,0,0,0,0,0,0,0,0,0,0,0,0,0,371,346,639,579,190,285,276,333,80,70,80,80,0,0,1,1,385,402,452,300,200,240,90,160,260,90,281,170,112,287,257,227,407,300,210,115,245,150,298,241,235,275,257,374,240,380,307,183,390,300,300,270,300,450,360,384,305,301,360,90,450,346,208,191,406,213,286,264,186,60,268,181,297,70,447,193,339,0,342,268,62,291,395,325
베트남,Mighty (LT),내수,0,0,0,0,0,0,0,0,0,0,0,0,0,0,0,0,0,0,0,0,0,0,0,0,0,0,0,89,330,576,43,340,207,31,90,3,1,0,0,0,39,9,101,301,330,300,295,215,179,0,1,0,0,0,0,0,0,82,163,175,144,95,151,209,179,267,93,179,239,94,150,210,180,270,152,330,233,125,150,186,264,239,181,300,80,130,209,121,60,60,60,90,90,121,120,31,157,113,150,240,90,153,71,198,93,119,210,1,129,261
베트남,Mighty (VT),내수,0,0,0,0,0,0,0,0,0,0,0,0,0,0,0,0,0,0,0,0,0,0,0,0,0,0,0,0,0,0,0,450,269,661,379,547,201,0,1,0,4,0,0,0,3,0,0,11,0,131,59,31,98,33,25,31,29,102,134,65,30,150,89,91,29,60,176,100,142,209,246,0,210,120,180,210,212,298,329,302,270,240,210,0,240,300,120,0,150,149,88,118,247,85,32,150,180,12,168,266,154,240,153,156,278,228,0,66,120,512
베트남,Mighty (QT),내수,0,0,0,0,0,0,0,0,0,0,0,0,0,0,0,0,0,0,0,0,0,0,0,0,0,0,0,0,0,0,0,0,0,0,0,0,0,0,0,0,0,0,0,0,0,0,0,0,0,0,31,0,59,60,0,0,61,30,0,0,31,39,46,65,41,108,30,120,0,180,121,0,162,18,90,60,60,150,60,31,0,30,0,0,90,0,30,0,0,0,0,0,0,29,0,0,30,30,0,0,30,60,0,90,0,61,0,0,0,0
베트남,Mighty (QTc),내수,0,0,0,0,0,0,0,0,0,0,0,0,0,0,0,0,0,0,0,0,0,0,0,0,0,0,0,0,0,0,0,0,0,0,0,0,0,0,0,0,0,0,0,0,0,0,0,0,0,0,0,0,0,102,30,68,179,123,136,237,19,169,109,123,147,60,207,180,30,152,113,10,180,90,60,60,90,60,90,59,1,60,60,0,59,1,60,0,0,0,0,0,0,0,0,0,0,0,30,21,39,30,0,28,2,0,0,0,0,0
베트남,County (CSv),내수,0,0,0,0,0,0,0,0,0,0,0,0,0,0,0,0,0,0,0,0,0,0,0,0,0,0,0,0,0,0,0,0,0,0,0,0,0,0,0,0,0,0,0,0,0,0,0,0,0,0,0,0,0,0,0,0,0,0,0,0,0,0,0,0,0,0,0,0,0,0,0,0,0,0,0,0,0,0,0,0,0,0,0,0,0,0,0,0,0,0,0,0,0,0,0,0,0,0,0,0,0,0,0,0,0,0,0,0,66,0
베트남,Solati (Euv),내수,0,0,0,0,0,0,0,0,0,0,0,0,0,0,0,0,0,0,0,0,0,0,0,0,0,0,0,0,0,0,0,0,0,0,0,0,0,0,0,0,0,0,0,0,0,0,0,0,0,0,0,0,0,0,0,0,0,0,0,0,0,0,0,0,0,0,0,0,0,0,0,0,0,0,0,0,0,0,0,0,0,0,0,0,0,0,0,0,0,0,0,0,0,0,0,0,0,0,0,0,0,0,0,0,0,0,0,0,257,227
베트남,Santa Fe (MX5v),내수,0,0,0,0,0,0,0,0,0,0,0,0,0,0,0,0,0,0,0,0,0,0,0,0,0,0,0,0,0,0,0,0,0,0,0,0,0,0,0,0,0,0,0,0,0,0,0,0,0,0,0,0,0,0,0,0,0,0,0,0,0,0,0,0,0,0,0,0,0,0,0,0,0,0,0,0,0,0,0,0,0,0,0,0,0,0,0,0,0,0,0,0,0,0,0,0,0,0,0,0,0,0,0,0,584,630,1053,418,731,505
베트남,Truck,내수,0,0,0,0,0,0,0,0,0,0,0,0,0,0,0,0,0,0,0,0,0,0,0,0,0,0,0,0,150,280,183,210,187,183,237,206,320,190,315,252,370,516,366,239,214,360,330,363,92,143,91,0,163,0,0,0,0,0,0,20,0,0,0,0,0,19,0,15,88,119,39,70,91,15,21,0,50,144,139,185,110,116,146,204,79,192,219,192,147,180,221,182,243,189,275,274,0,0,0,0,0,0,0,0,0,0,0,0,0,0
베트남,Mighty (LTv),수출,0,0,0,0,0,0,0,0,0,0,0,0,0,0,0,0,0,0,0,0,0,0,0,0,0,0,0,0,0,0,0,0,0,0,0,0,0,0,0,0,0,0,0,0,0,0,0,0,0,0,0,0,0,0,0,0,0,0,0,0,0,0,0,0,0,0,0,0,0,0,0,0,0,0,0,0,0,0,0,0,0,0,0,0,0,0,0,0,0,0,0,0,0,0,0,0,60,30,0,60,60,0,0,30,60,20,10,60,0,0
베트남,Truck,수출,0,0,0,0,0,0,0,0,0,0,0,0,0,0,0,0,0,0,0,0,0,0,0,0,0,0,0,0,0,0,0,0,0,0,0,0,0,0,0,0,0,0,0,0,0,0,0,0,0,0,0,0,0,0,0,0,0,0,0,0,0,0,0,0,0,0,0,0,0,0,0,0,0,0,0,0,0,0,0,0,0,0,0,0,0,0,0,0,0,0,0,0,0,0,0,0,222,129,160,197,324,254,158,323,135,344,278,90,0,0
베트남,Santa Fe (MX5v),수출,0,0,0,0,0,0,0,0,0,0,0,0,0,0,0,0,0,0,0,0,0,0,0,0,0,0,0,0,0,0,0,0,0,0,0,0,0,0,0,0,0,0,0,0,0,0,0,0,0,0,0,0,0,0,0,0,0,0,0,0,0,0,0,0,0,0,0,0,0,0,0,0,0,0,0,0,0,0,0,0,0,0,0,0,0,0,0,0,0,0,0,0,0,0,0,0,0,0,0,0,0,0,0,0,0,0,0,0,1,0
베트남,Palisade (LX2v),수출,0,0,0,0,0,0,0,0,0,0,0,0,0,0,0,0,0,0,0,0,0,0,0,0,0,0,0,0,0,0,0,0,0,0,0,0,0,0,0,0,0,0,0,0,0,0,0,0,0,0,0,0,0,0,0,0,0,0,0,0,0,0,0,0,0,0,0,0,0,0,0,0,0,0,0,0,0,0,0,0,0,0,0,0,0,0,0,0,0,0,0,0,0,0,0,0,0,0,0,0,0,0,0,0,0,0,0,0,78,34
베트남,Solati (Euv),수출,0,0,0,0,0,0,0,0,0,0,0,0,0,0,0,0,0,0,0,0,0,0,0,0,0,0,0,0,0,0,0,0,0,0,0,0,0,0,0,0,0,0,0,0,0,0,0,0,0,0,0,0,0,0,0,0,0,0,0,0,0,0,0,0,0,0,0,0,0,0,0,0,0,0,0,0,0,0,0,0,0,0,0,0,0,0,0,0,0,0,0,0,0,0,0,0,0,0,0,0,0,0,0,0,0,0,0,0,24,20
러시아,Truck,내수,0,0,0,0,0,0,0,0,0,0,0,0,0,0,0,0,0,0,0,0,0,0,0,0,0,0,10,0,7,0,5,8,1,23,3,32,0,93,57,116,35,103,96,143,26,33,5,0,0,78,85,180,20,30,150,195,91,120,88,0,0,0,0,0,0,0,0,0,0,0,0,0,0,0,0,0,0,0,0,0,0,0,0,0,0,0,0,0,0,0,0,0,0,0,0,0,0,0,0,0,0,0,0,0,0,0,0,0,0,0
러시아,PV,내수,0,0,0,0,0,0,0,0,0,0,0,0,0,0,0,0,0,0,0,0,0,0,0,0,0,0,0,0,0,0,0,0,0,0,0,0,0,0,0,0,0,0,0,0,0,0,0,0,0,0,0,0,0,0,0,0,0,0,375,315,0,0,0,0,0,0,0,0,0,0,0,0,0,0,0,0,0,0,0,0,0,0,0,0,0,0,0,0,0,0,0,0,0,0,0,0,0,0,0,0,0,0,0,0,0,0,0,0,0,0
러시아,CV,내수,0,0,0,0,0,0,0,0,0,0,0,0,0,0,0,0,0,0,0,0,0,0,0,0,0,0,0,0,0,0,0,0,0,0,0,0,0,0,0,0,0,0,0,0,0,0,0,0,0,0,0,0,0,0,0,0,0,0,0,0,0,120,74,113,132,115,139,71,140,149,150,150,120,150,124,80,0,62,9,87,104,108,0,0,0,0,0,0,0,0,0,0,0,0,0,0,0,0,0,0,0,0,0,0,0,0,0,0,0,0
