차종,차량 유형,거래 구분,2016-01,2016-02,2016-03,2016-04,2016-05,2016-06,2016-07,2016-08,2016-09,2016-10,2016-11,2016-12,2017-01,2017-02,2017-03,2017-04,2017-05,2017-06,2017-07,2017-08,2017-09,2017-10,2017-11,2017-12,2018-01,2018-02,2018-03,2018-04,2018-05,2018-06,2018-07,2018-08,2018-09,2018-10,2018-11,2018-12,2019-01,2019-02,2019-03,2019-04,2019-05,2019-06,2019-07,2019-08,2019-09,2019-10,2019-11,2019-12,2020-01,2020-02,2020-03,2020-04,2020-05,2020-06,2020-07,2020-08,2020-09,2020-10,2020-11,2020-12,2021-01,2021-02,2021-03,2021-04,2021-05,2021-06,2021-07,2021-08,2021-09,2021-10,2021-11,2021-12,2022-01,2022-02,2022-03,2022-04,2022-05,2022-06,2022-07,2022-08,2022-09,2022-10,2022-11,2022-12,2023-01,2023-02,2023-03,2023-04,2023-05,2023-06,2023-07,2023-08,2023-09,2023-10,2023-11,2023-12,2024-01,2024-02,2024-03,2024-04,2024-05,2024-06,2024-07,2024-08,2024-09,2024-10,2024-11,2024-12,2025-01,2025-02
Accent (RB),승용차,내수,1016.0,1047.0,1735.0,1351.0,1292.0,1576.0,827.0,860.0,687.0,824.0,684.0,531.0,388.0,255.0,688.0,548.0,470.0,654.0,963.0,740.0,579.0,544.0,685.0,979.0,523.0,427.0,574.0,564.0,387.0,519.0,322.0,520.0,398.0,509.0,489.0,466.0,406.0,370.0,415.0,467.0,399.0,404.0,391.0,228.0,215.0,249.0,447.0,103.0,0.0,0.0,0.0,0.0,0.0,0.0,0.0,0.0,0.0,0.0,0.0,0.0,0.0,0.0,0.0,0.0,0.0,0.0,0.0,0.0,0.0,0.0,0.0,0.0,0.0,0.0,0.0,0.0,0.0,0.0,0.0,0.0,0.0,0.0,0.0,0.0,0.0,0.0,0.0,0.0,0.0,0.0,0.0,0.0,0.0,0.0,0.0,0.0,0.0,0.0,0.0,0.0,0.0,0.0,0.0,0.0,0.0,0.0,0.0,0.0,0.0,0.0
Avante (AD),승용차,내수,6996.0,7932.0,8751.0,7628.0,8472.0,12363.0,6243.0,6756.0,5135.0,7943.0,7751.0,7779.0,5064.0,7353.0,6999.0,8235.0,7834.0,6488.0,7109.0,7449.0,7078.0,6190.0,7183.0,6848.0,5677.0,5807.0,5928.0,5898.0,6565.0,5928.0,7522.0,8136.0,5488.0,7228.0,6243.0,5411.0,5428.0,4973.0,5603.0,5774.0,4752.0,5654.0,5428.0,4893.0,4900.0,6571.0,4475.0,3653.0,2638.0,2575.0,3886.0,802.0,413.0,31.0,1.0,0.0,0.0,0.0,0.0,0.0,0.0,0.0,0.0,0.0,0.0,0.0,0.0,0.0,0.0,0.0,0.0,0.0,0.0,0.0,0.0,0.0,0.0,0.0,0.0,0.0,0.0,0.0,0.0,0.0,0.0,0.0,0.0,0.0,0.0,0.0,0.0,0.0,0.0,0.0,0.0,0.0,0.0,0.0,0.0,0.0,0.0,0.0,0.0,0.0,0.0,0.0,0.0,0.0,0.0,0.0
Avante (CN7),승용차,내수,0.0,0.0,0.0,0.0,0.0,0.0,0.0,0.0,0.0,0.0,0.0,0.0,0.0,0.0,0.0,0.0,0.0,0.0,0.0,0.0,0.0,0.0,0.0,0.0,0.0,0.0,0.0,0.0,0.0,0.0,0.0,0.0,0.0,0.0,0.0,0.0,0.0,0.0,0.0,0.0,0.0,0.0,0.0,0.0,0.0,0.0,0.0,0.0,0.0,0.0,0.0,7447.0,8969.0,10844.0,11036.0,5751.0,8241.0,7454.0,6713.0,7605.0,6104.0,4725.0,7681.0,6666.0,6168.0,5167.0,4692.0,3950.0,4352.0,2978.0,4847.0,5969.0,4366.0,2846.0,2956.0,5143.0,3911.0,2578.0,3927.0,1911.0,3967.0,5008.0,5041.0,7137.0,5241.0,5430.0,5466.0,5123.0,5191.0,4556.0,3534.0,4193.0,3739.0,4246.0,4760.0,4196.0,3994.0,1828.0,3651.0,5131.0,5226.0,4196.0,3458.0,3450.0,3290.0,5411.0,4787.0,5766.0,4086.0,4658.0
Avante (CN7 HEV),승용차,내수,0.0,0.0,0.0,0.0,0.0,0.0,0.0,0.0,0.0,0.0,0.0,0.0,0.0,0.0,0.0,0.0,0.0,0.0,0.0,0.0,0.0,0.0,0.0,0.0,0.0,0.0,0.0,0.0,0.0,0.0,0.0,0.0,0.0,0.0,0.0,0.0,0.0,0.0,0.0,0.0,0.0,0.0,0.0,0.0,0.0,0.0,0.0,0.0,0.0,0.0,0.0,0.0,0.0,0.0,0.0,41.0,895.0,862.0,764.0,763.0,448.0,399.0,773.0,756.0,529.0,806.0,665.0,385.0,325.0,227.0,501.0,798.0,733.0,519.0,534.0,687.0,636.0,565.0,562.0,371.0,356.0,492.0,560.0,960.0,777.0,827.0,1070.0,120.0,1365.0,742.0,466.0,402.0,407.0,640.0,953.0,794.0,398.0,402.0,462.0,567.0,432.0,468.0,415.0,435.0,396.0,517.0,496.0,617.0,1233.0,1445.0
Avante (CN7 N),승용차,내수,0.0,0.0,0.0,0.0,0.0,0.0,0.0,0.0,0.0,0.0,0.0,0.0,0.0,0.0,0.0,0.0,0.0,0.0,0.0,0.0,0.0,0.0,0.0,0.0,0.0,0.0,0.0,0.0,0.0,0.0,0.0,0.0,0.0,0.0,0.0,0.0,0.0,0.0,0.0,0.0,0.0,0.0,0.0,0.0,0.0,0.0,0.0,0.0,0.0,0.0,0.0,0.0,0.0,0.0,0.0,0.0,0.0,0.0,0.0,0.0,0.0,0.0,0.0,0.0,0.0,0.0,29.0,112.0,540.0,163.0,93.0,188.0,338.0,332.0,402.0,552.0,371.0,167.0,208.0,124.0,131.0,115.0,99.0,138.0,82.0,79.0,83.0,35.0,43.0,20.0,2.0,163.0,221.0,131.0,115.0,152.0,46.0,62.0,75.0,108.0,135.0,142.0,102.0,54.0,61.0,64.0,169.0,79.0,144.0,193.0
IONIQ (AE HEV),승용차,내수,293.0,1311.0,1248.0,732.0,458.0,627.0,370.0,397.0,225.0,376.0,340.0,481.0,270.0,216.0,379.0,411.0,474.0,422.0,395.0,224.0,395.0,328.0,411.0,307.0,207.0,322.0,201.0,353.0,259.0,205.0,158.0,357.0,243.0,340.0,472.0,545.0,113.0,221.0,303.0,314.0,288.0,464.0,469.0,289.0,456.0,338.0,258.0,330.0,162.0,83.0,393.0,421.0,97.0,127.0,87.0,75.0,67.0,131.0,419.0,10.0,0.0,0.0,0.0,0.0,0.0,0.0,0.0,0.0,0.0,0.0,0.0,0.0,0.0,0.0,0.0,0.0,0.0,0.0,0.0,0.0,0.0,0.0,0.0,0.0,0.0,0.0,0.0,0.0,0.0,0.0,0.0,0.0,0.0,0.0,0.0,0.0,0.0,0.0,0.0,0.0,0.0,0.0,0.0,0.0,0.0,0.0,0.0,0.0,0.0,0.0
IONIQ (AE EV),승용차,내수,0.0,0.0,0.0,0.0,0.0,131.0,542.0,270.0,153.0,347.0,1081.0,1176.0,0.0,0.0,5.0,37.0,18.0,9.0,11.0,9.0,9.0,12.0,13.0,6.0,1086.0,949.0,886.0,485.0,548.0,534.0,252.0,113.0,102.0,183.0,187.0,281.0,2.0,0.0,32.0,51.0,0.0,5.0,0.0,10.0,14.0,7.0,1.0,2.0,0.0,1.0,16.0,13.0,3.0,1.0,0.0,0.0,0.0,0.0,0.0,0.0,0.0,0.0,0.0,0.0,0.0,0.0,0.0,0.0,0.0,0.0,0.0,0.0,0.0,0.0,0.0,0.0,0.0,0.0,0.0,0.0,0.0,0.0,0.0,0.0,0.0,0.0,0.0,0.0,0.0,0.0,0.0,0.0,0.0,0.0,0.0,0.0,0.0,0.0,0.0,0.0,0.0,0.0,0.0,0.0,0.0,0.0,0.0,0.0,0.0,0.0
IONIQ (AE PHEV),승용차,내수,0.0,0.0,0.0,0.0,0.0,0.0,0.0,0.0,0.0,0.0,0.0,0.0,255.0,277.0,732.0,607.0,517.0,476.0,810.0,959.0,846.0,649.0,961.0,768.0,5.0,11.0,10.0,14.0,7.0,7.0,7.0,18.0,15.0,18.0,28.0,18.0,21.0,62.0,288.0,133.0,135.0,244.0,236.0,380.0,154.0,112.0,93.0,202.0,2.0,104.0,276.0,121.0,83.0,152.0,181.0,189.0,166.0,103.0,121.0,11.0,0.0,1.0,0.0,0.0,0.0,0.0,0.0,0.0,0.0,0.0,0.0,0.0,0.0,0.0,0.0,0.0,0.0,0.0,0.0,0.0,0.0,0.0,0.0,0.0,0.0,0.0,0.0,0.0,0.0,0.0,0.0,0.0,0.0,0.0,0.0,0.0,0.0,0.0,0.0,0.0,0.0,0.0,0.0,0.0,0.0,0.0,0.0,0.0,0.0,0.0
i30 (GD),승용차,내수,174.0,191.0,284.0,124.0,115.0,96.0,45.0,35.0,30.0,52.0,29.0,79.0,13.0,0.0,0.0,0.0,0.0,0.0,0.0,0.0,0.0,0.0,0.0,0.0,0.0,0.0,0.0,0.0,0.0,0.0,0.0,0.0,0.0,0.0,0.0,0.0,0.0,0.0,0.0,0.0,0.0,0.0,0.0,0.0,0.0,0.0,0.0,0.0,0.0,0.0,0.0,0.0,0.0,0.0,0.0,0.0,0.0,0.0,0.0,0.0,0.0,0.0,0.0,0.0,0.0,0.0,0.0,0.0,0.0,0.0,0.0,0.0,0.0,0.0,0.0,0.0,0.0,0.0,0.0,0.0,0.0,0.0,0.0,0.0,0.0,0.0,0.0,0.0,0.0,0.0,0.0,0.0,0.0,0.0,0.0,0.0,0.0,0.0,0.0,0.0,0.0,0.0,0.0,0.0,0.0,0.0,0.0,0.0,0.0,0.0
i30 (PD),승용차,내수,0.0,0.0,0.0,0.0,0.0,0.0,0.0,0.0,54.0,507.0,434.0,14.0,71.0,410.0,620.0,336.0,361.0,381.0,470.0,432.0,429.0,311.0,430.0,283.0,301.0,304.0,337.0,265.0,231.0,236.0,201.0,272.0,203.0,279.0,301.0,295.0,158.0,106.0,205.0,149.0,150.0,84.0,92.0,142.0,109.0,82.0,85.0,65.0,30.0,32.0,67.0,45.0,45.0,59.0,48.0,66.0,70.0,37.0,2.0,1.0,1.0,0.0,0.0,0.0,0.0,0.0,0.0,0.0,0.0,0.0,0.0,0.0,0.0,0.0,0.0,0.0,0.0,0.0,0.0,0.0,0.0,0.0,0.0,0.0,0.0,0.0,0.0,0.0,0.0,0.0,0.0,0.0,0.0,0.0,0.0,0.0,0.0,0.0,0.0,0.0,0.0,0.0,0.0,0.0,0.0,0.0,0.0,0.0,0.0,0.0
Veloster (FS),승용차,내수,56.0,67.0,85.0,94.0,46.0,83.0,36.0,38.0,25.0,47.0,33.0,24.0,5.0,2.0,20.0,15.0,19.0,14.0,12.0,12.0,15.0,21.0,41.0,30.0,0.0,0.0,0.0,0.0,0.0,0.0,0.0,0.0,0.0,0.0,0.0,0.0,0.0,0.0,0.0,0.0,0.0,0.0,0.0,0.0,0.0,0.0,0.0,0.0,0.0,0.0,0.0,0.0,0.0,0.0,0.0,0.0,0.0,0.0,0.0,0.0,0.0,0.0,0.0,0.0,0.0,0.0,0.0,0.0,0.0,0.0,0.0,0.0,0.0,0.0,0.0,0.0,0.0,0.0,0.0,0.0,0.0,0.0,0.0,0.0,0.0,0.0,0.0,0.0,0.0,0.0,0.0,0.0,0.0,0.0,0.0,0.0,0.0,0.0,0.0,0.0,0.0,0.0,0.0,0.0,0.0,0.0,0.0,0.0,0.0,0.0
Veloster (JS),승용차,내수,0.0,0.0,0.0,0.0,0.0,0.0,0.0,0.0,0.0,0.0,0.0,0.0,0.0,0.0,0.0,0.0,0.0,0.0,0.0,0.0,0.0,0.0,0.0,0.0,0.0,109.0,279.0,435.0,335.0,312.0,312.0,237.0,243.0,250.0,190.0,396.0,82.0,113.0,130.0,74.0,133.0,137.0,104.0,91.0,73.0,45.0,104.0,84.0,31.0,88.0,101.0,116.0,142.0,174.0,79.0,58.0,86.0,78.0,0.0,0.0,0.0,0.0,0.0,0.0,0.0,0.0,0.0,0.0,0.0,0.0,0.0,0.0,21.0,26.0,30.0,22.0,34.0,29.0,17.0,4.0,0.0,0.0,0.0,0.0,0.0,0.0,0.0,0.0,0.0,0.0,0.0,0.0,0.0,0.0,0.0,0.0,0.0,0.0,0.0,0.0,0.0,0.0,0.0,0.0,0.0,0.0,0.0,0.0,0.0,0.0
Veloster (JS N),승용차,내수,0.0,0.0,0.0,0.0,0.0,0.0,0.0,0.0,0.0,0.0,0.0,0.0,0.0,0.0,0.0,0.0,0.0,0.0,0.0,0.0,0.0,0.0,0.0,0.0,0.0,0.0,0.0,0.0,0.0,15.0,0.0,444.0,260.0,157.0,78.0,202.0,112.0,68.0,71.0,76.0,160.0,95.0,74.0,70.0,58.0,82.0,55.0,84.0,55.0,52.0,88.0,112.0,85.0,267.0,183.0,37.0,212.0,129.0,99.0,69.0,45.0,41.0,78.0,42.0,93.0,47.0,29.0,22.0,41.0,26.0,13.0,33.0,0.0,0.0,0.0,0.0,0.0,0.0,0.0,0.0,0.0,0.0,0.0,0.0,0.0,0.0,0.0,0.0,0.0,0.0,0.0,0.0,0.0,0.0,0.0,0.0,0.0,0.0,0.0,0.0,0.0,0.0,0.0,0.0,0.0,0.0,0.0,0.0,0.0,0.0
Coupe (BK),승용차,내수,8.0,4.0,20.0,15.0,14.0,4.0,0.0,0.0,0.0,0.0,0.0,0.0,0.0,0.0,0.0,0.0,0.0,0.0,0.0,0.0,0.0,0.0,0.0,0.0,0.0,0.0,0.0,0.0,0.0,0.0,0.0,0.0,0.0,0.0,0.0,0.0,0.0,0.0,0.0,0.0,0.0,0.0,0.0,0.0,0.0,0.0,0.0,0.0,0.0,0.0,0.0,0.0,0.0,0.0,0.0,0.0,0.0,0.0,0.0,0.0,0.0,0.0,0.0,0.0,0.0,0.0,0.0,0.0,0.0,0.0,0.0,0.0,0.0,0.0,0.0,0.0,0.0,0.0,0.0,0.0,0.0,0.0,0.0,0.0,0.0,0.0,0.0,0.0,0.0,0.0,0.0,0.0,0.0,0.0,0.0,0.0,0.0,0.0,0.0,0.0,0.0,0.0,0.0,0.0,0.0,0.0,0.0,0.0,0.0,0.0
Sonata (YF),승용차,내수,636.0,486.0,611.0,960.0,0.0,0.0,0.0,0.0,0.0,0.0,0.0,0.0,0.0,0.0,0.0,0.0,0.0,0.0,0.0,0.0,0.0,0.0,0.0,0.0,0.0,0.0,0.0,0.0,0.0,0.0,0.0,0.0,0.0,0.0,0.0,0.0,0.0,0.0,0.0,0.0,0.0,0.0,0.0,0.0,0.0,0.0,0.0,0.0,0.0,0.0,0.0,0.0,0.0,0.0,0.0,0.0,0.0,0.0,0.0,0.0,0.0,0.0,0.0,0.0,0.0,0.0,0.0,0.0,0.0,0.0,0.0,0.0,0.0,0.0,0.0,0.0,0.0,0.0,0.0,0.0,0.0,0.0,0.0,0.0,0.0,0.0,0.0,0.0,0.0,0.0,0.0,0.0,0.0,0.0,0.0,0.0,0.0,0.0,0.0,0.0,0.0,0.0,0.0,0.0,0.0,0.0,0.0,0.0,0.0,0.0
Sonata (LF),승용차,내수,5035.0,4839.0,5906.0,5682.0,7755.0,8002.0,6341.0,5528.0,5717.0,5179.0,5581.0,6318.0,3769.0,4104.0,7115.0,8748.0,7227.0,8565.0,6072.0,5971.0,5970.0,7039.0,6805.0,5708.0,5230.0,4781.0,5377.0,5365.0,5191.0,4941.0,5610.0,5541.0,4147.0,5993.0,4909.0,4639.0,4271.0,5363.0,5660.0,2529.0,2026.0,1865.0,1737.0,1861.0,1799.0,2444.0,2081.0,1895.0,1668.0,1783.0,1729.0,1451.0,1597.0,1875.0,1644.0,1447.0,1515.0,1742.0,1507.0,1415.0,1118.0,1254.0,2006.0,1928.0,1078.0,2353.0,827.0,850.0,1428.0,2116.0,330.0,1988.0,141.0,1199.0,1054.0,1509.0,1677.0,827.0,1511.0,1513.0,1963.0,1829.0,1693.0,1463.0,996.0,1012.0,1230.0,1603.0,901.0,1162.0,673.0,401.0,407.0,303.0,321.0,310.0,0.0,26.0,4.0,0.0,0.0,0.0,0.0,0.0,0.0,0.0,0.0,0.0,0.0,0.0
Sonata (HEV),승용차,내수,523.0,582.0,527.0,1275.0,558.0,752.0,505.0,383.0,376.0,384.0,320.0,886.0,222.0,331.0,331.0,370.0,359.0,650.0,579.0,450.0,413.0,311.0,641.0,609.0,289.0,294.0,304.0,333.0,347.0,302.0,338.0,333.0,244.0,323.0,416.0,545.0,265.0,317.0,260.0,172.0,126.0,70.0,1.0,0.0,0.0,0.0,0.0,0.0,0.0,0.0,0.0,0.0,0.0,0.0,0.0,0.0,0.0,0.0,0.0,0.0,0.0,0.0,0.0,0.0,0.0,0.0,0.0,0.0,0.0,0.0,0.0,0.0,0.0,0.0,0.0,0.0,0.0,0.0,0.0,0.0,0.0,0.0,0.0,0.0,0.0,0.0,0.0,0.0,0.0,0.0,0.0,0.0,0.0,0.0,0.0,0.0,0.0,0.0,0.0,0.0,0.0,0.0,0.0,0.0,0.0,0.0,0.0,0.0,0.0,0.0
Sonata (PHEV),승용차,내수,13.0,8.0,9.0,5.0,17.0,13.0,12.0,9.0,10.0,6.0,6.0,9.0,4.0,5.0,6.0,9.0,9.0,0.0,1.0,3.0,7.0,3.0,4.0,2.0,1.0,4.0,4.0,1.0,4.0,2.0,0.0,7.0,5.0,10.0,10.0,6.0,5.0,0.0,5.0,7.0,0.0,0.0,0.0,0.0,0.0,0.0,0.0,0.0,0.0,0.0,0.0,0.0,0.0,0.0,0.0,0.0,0.0,0.0,0.0,0.0,0.0,0.0,0.0,0.0,0.0,0.0,0.0,0.0,0.0,0.0,0.0,0.0,0.0,0.0,0.0,0.0,0.0,0.0,0.0,0.0,0.0,0.0,0.0,0.0,0.0,0.0,0.0,0.0,0.0,0.0,0.0,0.0,0.0,0.0,0.0,0.0,0.0,0.0,0.0,0.0,0.0,0.0,0.0,0.0,0.0,0.0,0.0,0.0,0.0,0.0
Sonata (DN8),승용차,내수,0.0,0.0,0.0,0.0,0.0,0.0,0.0,0.0,0.0,0.0,0.0,0.0,0.0,0.0,0.0,0.0,0.0,0.0,0.0,0.0,0.0,0.0,0.0,0.0,0.0,0.0,0.0,0.0,0.0,0.0,0.0,0.0,0.0,0.0,0.0,0.0,0.0,0.0,111.0,6128.0,11224.0,7887.0,6333.0,5547.0,4045.0,6531.0,5548.0,5452.0,3743.0,3044.0,4804.0,3341.0,2924.0,5123.0,2942.0,2604.0,2385.0,3333.0,2433.0,2182.0,2114.0,2316.0,3806.0,4598.0,3538.0,3112.0,2348.0,3173.0,3063.0,3394.0,3794.0,3141.0,1748.0,2486.0,2629.0,2242.0,2196.0,3261.0,2616.0,2463.0,2411.0,1280.0,1672.0,2502.0,1189.0,842.0,608.0,422.0,1432.0,2258.0,1588.0,1856.0,1869.0,3537.0,3498.0,3612.0,379.0,1187.0,3298.0,3307.0,3207.0,2234.0,2412.0,2239.0,2296.0,2199.0,3133.0,3487.0,1785.0,2089.0
Sonata (DN8 HEV),승용차,내수,0.0,0.0,0.0,0.0,0.0,0.0,0.0,0.0,0.0,0.0,0.0,0.0,0.0,0.0,0.0,0.0,0.0,0.0,0.0,0.0,0.0,0.0,0.0,0.0,0.0,0.0,0.0,0.0,0.0,0.0,0.0,0.0,0.0,0.0,0.0,0.0,0.0,0.0,0.0,0.0,0.0,0.0,0.0,985.0,1312.0,1713.0,1203.0,1225.0,1012.0,195.0,720.0,593.0,1306.0,1065.0,627.0,544.0,689.0,595.0,1098.0,765.0,380.0,616.0,421.0,542.0,515.0,662.0,537.0,663.0,512.0,626.0,1055.0,907.0,147.0,491.0,634.0,414.0,117.0,629.0,285.0,356.0,211.0,214.0,374.0,551.0,354.0,386.0,377.0,207.0,297.0,693.0,554.0,744.0,671.0,1009.0,1076.0,1243.0,117.0,210.0,776.0,786.0,778.0,814.0,695.0,956.0,1043.0,1194.0,1186.0,1348.0,517.0,961.0
i40 (VF),승용차,내수,122.0,107.0,299.0,150.0,101.0,112.0,83.0,68.0,84.0,68.0,33.0,60.0,8.0,7.0,12.0,8.0,41.0,56.0,35.0,25.0,26.0,44.0,21.0,29.0,14.0,17.0,8.0,28.0,13.0,8.0,20.0,24.0,14.0,20.0,30.0,17.0,7.0,14.0,16.0,6.0,16.0,2.0,0.0,2.0,0.0,0.0,0.0,0.0,0.0,0.0,0.0,0.0,0.0,0.0,0.0,0.0,0.0,0.0,0.0,0.0,0.0,0.0,0.0,0.0,0.0,0.0,0.0,0.0,0.0,0.0,0.0,0.0,0.0,0.0,0.0,0.0,0.0,0.0,0.0,0.0,0.0,0.0,0.0,0.0,0.0,0.0,0.0,0.0,0.0,0.0,0.0,0.0,0.0,0.0,0.0,0.0,0.0,0.0,0.0,0.0,0.0,0.0,0.0,0.0,0.0,0.0,0.0,0.0,0.0,0.0
Grandeur (HG),승용차,내수,4419.0,3331.0,4006.0,3901.0,4518.0,5357.0,2993.0,2772.0,3050.0,3160.0,3145.0,2697.0,961.0,764.0,8.0,0.0,0.0,0.0,0.0,0.0,0.0,0.0,0.0,0.0,0.0,0.0,0.0,0.0,0.0,0.0,0.0,0.0,0.0,0.0,0.0,0.0,0.0,0.0,0.0,0.0,0.0,0.0,0.0,0.0,0.0,0.0,0.0,0.0,0.0,0.0,0.0,0.0,0.0,0.0,0.0,0.0,0.0,0.0,0.0,0.0,0.0,0.0,0.0,0.0,0.0,0.0,0.0,0.0,0.0,0.0,0.0,0.0,0.0,0.0,0.0,0.0,0.0,0.0,0.0,0.0,0.0,0.0,0.0,0.0,0.0,0.0,0.0,0.0,0.0,0.0,0.0,0.0,0.0,0.0,0.0,0.0,0.0,0.0,0.0,0.0,0.0,0.0,0.0,0.0,0.0,0.0,0.0,0.0,0.0,0.0
Grandeur (IG),승용차,내수,0.0,0.0,0.0,0.0,0.0,0.0,0.0,0.0,0.0,0.0,4369.0,13800.0,9413.0,9990.0,13112.0,11502.0,10750.0,10194.0,9913.0,6608.0,8925.0,6346.0,7872.0,7193.0,7662.0,7359.0,8653.0,8176.0,7915.0,6674.0,6567.0,7600.0,5564.0,6737.0,7614.0,8012.0,7627.0,5883.0,7470.0,6949.0,5553.0,3952.0,3846.0,4361.0,3653.0,6827.0,8095.0,9425.0,6883.0,6708.0,13568.0,11566.0,10343.0,11651.0,10763.0,7019.0,7372.0,6735.0,8142.0,5724.0,5844.0,6155.0,6588.0,7293.0,5769.0,6830.0,3936.0,1968.0,1293.0,6311.0,4582.0,5538.0,1663.0,3155.0,3888.0,3311.0,4800.0,5094.0,4764.0,3201.0,2891.0,3219.0,1991.0,270.0,11.0,2.0,0.0,0.0,0.0,0.0,0.0,0.0,0.0,0.0,0.0,0.0,0.0,0.0,0.0,0.0,0.0,0.0,0.0,0.0,0.0,0.0,0.0,0.0,0.0,0.0
Grandeur (HEV),승용차,내수,622.0,545.0,544.0,1232.0,604.0,1055.0,457.0,297.0,218.0,367.0,233.0,717.0,211.0,159.0,148.0,1046.0,1844.0,2470.0,2177.0,1595.0,2334.0,2227.0,2302.0,1886.0,1939.0,1625.0,1945.0,1728.0,2521.0,2271.0,2004.0,1305.0,1946.0,2300.0,2577.0,2407.0,2450.0,1837.0,3061.0,3186.0,2774.0,2700.0,2289.0,1153.0,1161.0,3040.0,2312.0,3745.0,2467.0,842.0,3032.0,3434.0,3073.0,4037.0,3618.0,3216.0,4218.0,4191.0,3506.0,3355.0,2237.0,2408.0,2629.0,2391.0,2033.0,2653.0,1311.0,1717.0,1923.0,3137.0,2336.0,2202.0,143.0,1335.0,2775.0,1881.0,2802.0,2825.0,2013.0,1405.0,1752.0,1442.0,740.0,7.0,2.0,0.0,0.0,0.0,0.0,0.0,0.0,0.0,0.0,0.0,0.0,0.0,0.0,0.0,0.0,0.0,0.0,0.0,0.0,0.0,0.0,0.0,0.0,0.0,0.0,0.0
Aslan,승용차,내수,266.0,151.0,168.0,176.0,174.0,158.0,80.0,91.0,98.0,197.0,134.0,508.0,57.0,25.0,94.0,48.0,39.0,39.0,27.0,22.0,24.0,24.0,39.0,52.0,20.0,0.0,0.0,0.0,0.0,0.0,0.0,0.0,0.0,0.0,0.0,0.0,0.0,0.0,0.0,0.0,0.0,0.0,0.0,0.0,0.0,0.0,0.0,0.0,0.0,0.0,0.0,0.0,0.0,0.0,0.0,0.0,0.0,0.0,0.0,0.0,0.0,0.0,0.0,0.0,0.0,0.0,0.0,0.0,0.0,0.0,0.0,0.0,0.0,0.0,0.0,0.0,0.0,0.0,0.0,0.0,0.0,0.0,0.0,0.0,0.0,0.0,0.0,0.0,0.0,0.0,0.0,0.0,0.0,0.0,0.0,0.0,0.0,0.0,0.0,0.0,0.0,0.0,0.0,0.0,0.0,0.0,0.0,0.0,0.0,0.0
Grandeur (GN7),승용차,내수,0.0,0.0,0.0,0.0,0.0,0.0,0.0,0.0,0.0,0.0,0.0,0.0,0.0,0.0,0.0,0.0,0.0,0.0,0.0,0.0,0.0,0.0,0.0,0.0,0.0,0.0,0.0,0.0,0.0,0.0,0.0,0.0,0.0,0.0,0.0,0.0,0.0,0.0,0.0,0.0,0.0,0.0,0.0,0.0,0.0,0.0,0.0,0.0,0.0,0.0,0.0,0.0,0.0,0.0,0.0,0.0,0.0,0.0,0.0,0.0,0.0,0.0,0.0,0.0,0.0,0.0,0.0,0.0,0.0,0.0,0.0,0.0,0.0,0.0,0.0,0.0,0.0,0.0,0.0,0.0,0.0,0.0,1023.0,7486.0,5407.0,5419.0,5561.0,4818.0,4684.0,4012.0,3409.0,3492.0,3509.0,3913.0,3308.0,3610.0,1458.0,1960.0,3130.0,3585.0,3664.0,2488.0,2775.0,2674.0,2509.0,2949.0,2680.0,3515.0,2613.0,2331.0
Grandeur (GN7 HEV),승용차,내수,0.0,0.0,0.0,0.0,0.0,0.0,0.0,0.0,0.0,0.0,0.0,0.0,0.0,0.0,0.0,0.0,0.0,0.0,0.0,0.0,0.0,0.0,0.0,0.0,0.0,0.0,0.0,0.0,0.0,0.0,0.0,0.0,0.0,0.0,0.0,0.0,0.0,0.0,0.0,0.0,0.0,0.0,0.0,0.0,0.0,0.0,0.0,0.0,0.0,0.0,0.0,0.0,0.0,0.0,0.0,0.0,0.0,0.0,0.0,0.0,0.0,0.0,0.0,0.0,0.0,0.0,0.0,0.0,0.0,0.0,0.0,0.0,0.0,0.0,0.0,0.0,0.0,0.0,0.0,0.0,0.0,0.0,0.0,1154.0,3711.0,4396.0,5355.0,5179.0,6897.0,7516.0,5122.0,5328.0,4650.0,4279.0,4672.0,4800.0,2177.0,2003.0,2970.0,3500.0,3220.0,3215.0,3512.0,3513.0,3611.0,4484.0,2367.0,3697.0,3098.0,3150.0
IONIQ 6 (CE),승용차,내수,0.0,0.0,0.0,0.0,0.0,0.0,0.0,0.0,0.0,0.0,0.0,0.0,0.0,0.0,0.0,0.0,0.0,0.0,0.0,0.0,0.0,0.0,0.0,0.0,0.0,0.0,0.0,0.0,0.0,0.0,0.0,0.0,0.0,0.0,0.0,0.0,1408.0,1310.0,1757.0,1662.0,1557.0,1382.0,1270.0,1471.0,1150.0,1164.0,1339.0,1505.0,637.0,549.0,1109.0,826.0,613.0,981.0,489.0,448.0,451.0,233.0,350.0,1224.0,1001.0,297.0,654.0,625.0,918.0,942.0,616.0,580.0,385.0,372.0,552.0,487.0,0.0,0.0,0.0,0.0,0.0,0.0,0.0,8.0,2652.0,3667.0,3905.0,1057.0,23.0,1632.0,2200.0,1316.0,1117.0,491.0,488.0,400.0,344.0,472.0,618.0,183.0,4.0,98.0,936.0,421.0,377.0,292.0,275.0,405.0,368.0,866.0,734.0,181.0,12.0,346.0
G70,승용차,내수,0.0,0.0,0.0,0.0,0.0,0.0,0.0,0.0,0.0,0.0,0.0,0.0,0.0,0.0,0.0,0.0,0.0,0.0,0.0,0.0,199.0,956.0,1584.0,1606.0,1418.0,1062.0,1233.0,1103.0,967.0,1035.0,890.0,1138.0,1024.0,1406.0,1550.0,1591.0,2479.0,1873.0,2195.0,1930.0,1958.0,1853.0,1726.0,2071.0,1496.0,1786.0,1214.0,1703.0,1186.0,783.0,617.0,259.0,66.0,16.0,40.0,0.0,0.0,0.0,0.0,0.0,0.0,0.0,0.0,0.0,0.0,0.0,0.0,0.0,0.0,0.0,0.0,0.0,533.0,565.0,416.0,489.0,357.0,437.0,374.0,243.0,233.0,416.0,470.0,751.0,268.0,195.0,390.0,356.0,215.0,429.0,529.0,423.0,364.0,257.0,251.0,255.0,237.0,209.0,199.0,145.0,151.0,167.0,215.0,212.0,181.0,126.0,180.0,159.0,106.0,154.0
G70 SB (IK SB),승용차,내수,0.0,0.0,0.0,0.0,0.0,0.0,0.0,0.0,0.0,0.0,0.0,0.0,0.0,0.0,0.0,0.0,0.0,0.0,0.0,0.0,0.0,0.0,0.0,0.0,0.0,0.0,0.0,0.0,0.0,0.0,0.0,0.0,0.0,0.0,0.0,0.0,0.0,0.0,0.0,0.0,0.0,0.0,0.0,0.0,0.0,0.0,0.0,0.0,0.0,0.0,0.0,0.0,0.0,0.0,0.0,0.0,0.0,0.0,0.0,0.0,0.0,0.0,0.0,0.0,0.0,0.0,0.0,0.0,0.0,0.0,0.0,0.0,0.0,0.0,0.0,0.0,0.0,0.0,0.0,0.0,0.0,0.0,0.0,0.0,49.0,25.0,76.0,23.0,33.0,40.0,30.0,34.0,20.0,21.0,16.0,21.0,15.0,45.0,12.0,6.0,5.0,4.0,11.0,18.0,21.0,8.0,26.0,9.0,1.0,8.0
G80,승용차,내수,2275.0,2696.0,3288.0,3423.0,2896.0,2711.0,4469.0,3408.0,3495.0,4812.0,5040.0,4241.0,3569.0,3577.0,4044.0,3307.0,3051.0,3425.0,3245.0,3283.0,2856.0,2507.0,3744.0,3092.0,4047.0,3055.0,3618.0,3132.0,2976.0,3116.0,2621.0,2982.0,2767.0,3411.0,2889.0,2605.0,0.0,0.0,0.0,0.0,0.0,0.0,0.0,0.0,0.0,0.0,0.0,0.0,0.0,0.0,0.0,4157.0,7516.0,7889.0,6464.0,4100.0,6040.0,5268.0,5019.0,6730.0,5650.0,2714.0,5252.0,6010.0,5584.0,5357.0,4993.0,3576.0,3757.0,5583.0,3671.0,5964.0,0.0,0.0,0.0,0.0,0.0,51.0,200.0,115.0,126.0,124.0,106.0,81.0,4052.0,4268.0,4356.0,4407.0,4701.0,4647.0,3169.0,2855.0,2765.0,1931.0,2956.0,2092.0,3468.0,3250.0,5266.0,4934.0,3622.0,3656.0,3110.0,3485.0,3892.0,3822.0,3398.0,3470.0,2710.0,3982.0
G80 (RG3),승용차,내수,0.0,0.0,0.0,0.0,0.0,0.0,0.0,0.0,0.0,0.0,0.0,0.0,0.0,0.0,0.0,0.0,0.0,0.0,0.0,0.0,0.0,0.0,0.0,0.0,0.0,0.0,0.0,0.0,0.0,0.0,0.0,0.0,0.0,0.0,0.0,0.0,0.0,0.0,0.0,0.0,0.0,0.0,0.0,0.0,0.0,0.0,0.0,0.0,0.0,0.0,0.0,0.0,0.0,0.0,0.0,0.0,0.0,0.0,0.0,0.0,0.0,0.0,0.0,0.0,0.0,0.0,35.0,142.0,135.0,536.0,275.0,230.0,5323.0,4543.0,3640.0,3793.0,3994.0,3222.0,2758.0,2818.0,2695.0,2895.0,4035.0,4763.0,5.0,22.0,314.0,166.0,112.0,71.0,83.0,68.0,54.0,38.0,67.0,37.0,26.0,6.0,32.0,32.0,25.0,34.0,33.0,3.0,6.0,129.0,89.0,66.0,20.0,44.0
G80 (RG3 EV),승용차,내수,0.0,0.0,0.0,0.0,0.0,0.0,0.0,0.0,0.0,0.0,0.0,0.0,0.0,0.0,0.0,0.0,0.0,0.0,0.0,0.0,0.0,0.0,0.0,0.0,0.0,0.0,0.0,0.0,0.0,0.0,0.0,0.0,0.0,0.0,0.0,0.0,1387.0,960.0,2374.0,2806.0,2206.0,1166.0,1153.0,1039.0,933.0,935.0,1086.0,1497.0,830.0,683.0,1209.0,651.0,601.0,701.0,1117.0,704.0,882.0,915.0,925.0,791.0,594.0,434.0,597.0,774.0,662.0,398.0,355.0,203.0,261.0,270.0,240.0,301.0,178.0,112.0,327.0,230.0,336.0,408.0,208.0,262.0,168.0,187.0,189.0,70.0,0.0,0.0,0.0,0.0,0.0,0.0,0.0,0.0,0.0,0.0,0.0,0.0,0.0,0.0,0.0,0.0,0.0,0.0,0.0,0.0,0.0,0.0,0.0,0.0,0.0,0.0
G90,승용차,내수,0.0,0.0,0.0,0.0,0.0,0.0,0.0,0.0,0.0,0.0,0.0,0.0,0.0,0.0,0.0,0.0,0.0,0.0,0.0,0.0,0.0,0.0,0.0,0.0,0.0,0.0,0.0,0.0,0.0,0.0,0.0,0.0,0.0,0.0,0.0,0.0,0.0,0.0,0.0,0.0,0.0,0.0,0.0,0.0,0.0,0.0,0.0,0.0,0.0,0.0,0.0,0.0,0.0,0.0,0.0,0.0,0.0,0.0,0.0,0.0,0.0,0.0,0.0,0.0,0.0,0.0,0.0,0.0,0.0,0.0,0.0,0.0,11.0,0.0,0.0,0.0,0.0,0.0,0.0,0.0,0.0,0.0,0.0,0.0,0.0,0.0,0.0,0.0,0.0,0.0,0.0,0.0,0.0,0.0,0.0,0.0,0.0,0.0,0.0,0.0,0.0,0.0,0.0,0.0,0.0,0.0,0.0,0.0,0.0,0.0
G90 (RS4),승용차,내수,0.0,0.0,0.0,0.0,0.0,0.0,0.0,0.0,0.0,0.0,0.0,0.0,0.0,0.0,0.0,0.0,0.0,0.0,0.0,0.0,0.0,0.0,0.0,0.0,0.0,0.0,0.0,0.0,0.0,0.0,0.0,0.0,0.0,0.0,0.0,0.0,0.0,0.0,0.0,0.0,0.0,0.0,0.0,0.0,0.0,0.0,0.0,0.0,0.0,0.0,0.0,0.0,0.0,0.0,0.0,0.0,0.0,0.0,0.0,0.0,0.0,0.0,0.0,0.0,0.0,0.0,0.0,0.0,0.0,0.0,0.0,0.0,67.0,1073.0,1897.0,2129.0,2329.0,2456.0,2274.0,2422.0,2217.0,2818.0,1364.0,2172.0,944.0,835.0,1120.0,1023.0,1417.0,1629.0,1102.0,1054.0,836.0,646.0,719.0,1154.0,768.0,605.0,715.0,829.0,866.0,633.0,594.0,532.0,551.0,550.0,683.0,705.0,554.0,628.0
Equus (VI),승용차,내수,34.0,8.0,0.0,0.0,0.0,0.0,0.0,0.0,0.0,0.0,0.0,0.0,0.0,0.0,0.0,0.0,0.0,0.0,0.0,0.0,0.0,0.0,0.0,0.0,0.0,0.0,0.0,0.0,0.0,0.0,0.0,0.0,0.0,0.0,0.0,0.0,0.0,0.0,0.0,0.0,0.0,0.0,0.0,0.0,0.0,0.0,0.0,0.0,0.0,0.0,0.0,0.0,0.0,0.0,0.0,0.0,0.0,0.0,0.0,0.0,0.0,0.0,0.0,0.0,0.0,0.0,0.0,0.0,0.0,0.0,0.0,0.0,0.0,0.0,0.0,0.0,0.0,0.0,0.0,0.0,0.0,0.0,0.0,0.0,0.0,0.0,0.0,0.0,0.0,0.0,0.0,0.0,0.0,0.0,0.0,0.0,0.0,0.0,0.0,0.0,0.0,0.0,0.0,0.0,0.0,0.0,0.0,0.0,0.0,0.0
EQ900,승용차,내수,2159.0,2471.0,3563.0,2973.0,2881.0,3022.0,1215.0,1092.0,973.0,965.0,910.0,1051.0,626.0,1210.0,1394.0,933.0,1344.0,1201.0,1006.0,987.0,1051.0,774.0,936.0,809.0,939.0,843.0,992.0,913.0,836.0,622.0,501.0,405.0,328.0,309.0,882.0,2139.0,0.0,0.0,0.0,0.0,0.0,0.0,0.0,0.0,0.0,0.0,0.0,0.0,0.0,0.0,0.0,0.0,0.0,0.0,0.0,0.0,0.0,0.0,0.0,0.0,0.0,0.0,0.0,0.0,0.0,0.0,0.0,0.0,208.0,2506.0,3965.0,4127.0,0.0,0.0,0.0,0.0,0.0,0.0,0.0,0.0,0.0,0.0,0.0,0.0,0.0,0.0,0.0,0.0,0.0,0.0,0.0,0.0,0.0,0.0,0.0,0.0,0.0,0.0,0.0,0.0,0.0,0.0,0.0,0.0,0.0,0.0,0.0,0.0,0.0,0.0
Casper (AX),휴양용 차량,내수,0.0,0.0,0.0,0.0,0.0,0.0,0.0,0.0,0.0,0.0,0.0,0.0,0.0,0.0,0.0,0.0,0.0,0.0,0.0,0.0,0.0,0.0,0.0,0.0,0.0,0.0,0.0,0.0,0.0,0.0,0.0,0.0,0.0,0.0,0.0,0.0,0.0,0.0,0.0,0.0,0.0,0.0,1753.0,3701.0,3690.0,2645.0,1977.0,3101.0,1710.0,584.0,2121.0,1974.0,1325.0,2175.0,1554.0,1029.0,1575.0,1015.0,1189.0,1475.0,1069.0,1099.0,1441.0,1224.0,1001.0,1418.0,754.0,965.0,1163.0,1003.0,1194.0,1165.0,3948.0,3304.0,3725.0,3420.0,4402.0,4401.0,4478.0,3302.0,4032.0,3908.0,5573.0,3509.0,3070.0,3164.0,3248.0,3420.0,4064.0,3900.0,3706.0,3804.0,3705.0,3648.0,5701.0,4021.0,3006.0,3118.0,3442.0,3549.0,3861.0,3352.0,3425.0,3592.0,1927.0,1434.0,2014.0,1197.0,740.0,232.0
Casper (AX EV),휴양용 차량,내수,0.0,0.0,0.0,0.0,0.0,0.0,0.0,0.0,0.0,0.0,0.0,0.0,0.0,0.0,0.0,0.0,0.0,0.0,0.0,0.0,0.0,0.0,0.0,0.0,0.0,0.0,0.0,0.0,0.0,0.0,0.0,0.0,0.0,0.0,0.0,0.0,0.0,0.0,0.0,0.0,0.0,0.0,0.0,0.0,0.0,0.0,0.0,0.0,0.0,0.0,0.0,0.0,0.0,0.0,0.0,0.0,0.0,0.0,0.0,0.0,0.0,0.0,0.0,0.0,0.0,0.0,0.0,0.0,0.0,0.0,0.0,0.0,0.0,0.0,0.0,0.0,0.0,0.0,0.0,0.0,0.0,0.0,0.0,0.0,0.0,0.0,0.0,0.0,0.0,0.0,0.0,0.0,0.0,0.0,0.0,0.0,0.0,0.0,0.0,0.0,0.0,0.0,0.0,1439.0,2075.0,2186.0,1731.0,440.0,186.0,1061.0
Venue,휴양용 차량,내수,0.0,0.0,0.0,0.0,0.0,0.0,0.0,0.0,0.0,0.0,0.0,0.0,0.0,0.0,0.0,0.0,0.0,0.0,0.0,0.0,0.0,0.0,0.0,0.0,0.0,0.0,0.0,0.0,0.0,0.0,0.0,0.0,0.0,0.0,0.0,0.0,1922.0,1722.0,2378.0,3001.0,2457.0,2309.0,1659.0,1461.0,1978.0,2741.0,2179.0,2084.0,1372.0,1177.0,2918.0,2116.0,1416.0,1776.0,1503.0,533.0,1541.0,1154.0,1330.0,1054.0,911.0,860.0,1060.0,839.0,553.0,547.0,606.0,718.0,332.0,648.0,480.0,912.0,925.0,615.0,673.0,790.0,776.0,896.0,548.0,376.0,673.0,702.0,432.0,1019.0,646.0,492.0,526.0,449.0,511.0,952.0,546.0,904.0,771.0,1182.0,776.0,526.0,323.0,323.0,283.0,295.0,603.0,494.0,365.0,299.0,411.0,439.0,395.0,415.0,694.0,697.0
Kona (OS),휴양용 차량,내수,0.0,0.0,0.0,0.0,0.0,0.0,0.0,0.0,0.0,0.0,0.0,0.0,0.0,0.0,0.0,0.0,0.0,0.0,2955.0,4130.0,5385.0,3819.0,4321.0,2617.0,3507.0,3366.0,4098.0,3490.0,3437.0,2938.0,3600.0,3346.0,2434.0,2902.0,2652.0,3505.0,0.0,0.0,0.0,0.0,0.0,0.0,0.0,5.0,765.0,671.0,689.0,1041.0,428.0,69.0,697.0,940.0,966.0,563.0,420.0,171.0,515.0,188.0,511.0,478.0,277.0,239.0,306.0,258.0,197.0,92.0,90.0,110.0,11.0,264.0,52.0,224.0,259.0,667.0,543.0,543.0,605.0,528.0,470.0,576.0,458.0,354.0,421.0,490.0,47.0,3.0,2.0,1.0,0.0,0.0,0.0,0.0,0.0,0.0,0.0,0.0,0.0,0.0,0.0,0.0,0.0,0.0,0.0,0.0,0.0,0.0,0.0,0.0,0.0,0.0
Kona (OS HEV),휴양용 차량,내수,0.0,0.0,0.0,0.0,0.0,0.0,0.0,0.0,0.0,0.0,0.0,0.0,0.0,0.0,0.0,0.0,0.0,0.0,0.0,0.0,0.0,0.0,0.0,0.0,0.0,0.0,0.0,0.0,0.0,0.0,0.0,0.0,0.0,0.0,0.0,0.0,388.0,233.0,2151.0,1729.0,1871.0,1325.0,1528.0,1008.0,893.0,1009.0,852.0,600.0,35.0,213.0,1391.0,1232.0,531.0,737.0,999.0,870.0,1053.0,451.0,376.0,178.0,8.0,167.0,809.0,397.0,48.0,0.0,0.0,0.0,0.0,0.0,0.0,0.0,194.0,225.0,169.0,194.0,135.0,205.0,160.0,147.0,163.0,124.0,253.0,237.0,186.0,95.0,52.0,24.0,10.0,28.0,6.0,0.0,0.0,0.0,0.0,0.0,0.0,0.0,0.0,0.0,0.0,0.0,0.0,0.0,0.0,0.0,0.0,0.0,0.0,0.0
Kona (EV),휴양용 차량,내수,0.0,0.0,0.0,0.0,0.0,0.0,0.0,0.0,0.0,0.0,0.0,0.0,0.0,0.0,0.0,0.0,0.0,0.0,0.0,0.0,0.0,0.0,0.0,0.0,0.0,0.0,0.0,0.0,304.0,1076.0,1317.0,648.0,1382.0,2473.0,2906.0,1087.0,0.0,0.0,0.0,0.0,0.0,0.0,0.0,0.0,0.0,0.0,0.0,0.0,0.0,0.0,0.0,0.0,0.0,0.0,0.0,0.0,0.0,0.0,0.0,0.0,0.0,0.0,0.0,0.0,0.0,0.0,3.0,54.0,4.0,63.0,63.0,42.0,0.0,0.0,0.0,0.0,0.0,0.0,0.0,0.0,0.0,0.0,0.0,0.0,0.0,0.0,0.0,0.0,0.0,0.0,0.0,0.0,0.0,0.0,0.0,0.0,0.0,0.0,0.0,0.0,0.0,0.0,0.0,0.0,0.0,0.0,0.0,0.0,0.0,0.0
Kona (OS N),휴양용 차량,내수,0.0,0.0,0.0,0.0,0.0,0.0,0.0,0.0,0.0,0.0,0.0,0.0,0.0,0.0,0.0,0.0,0.0,0.0,0.0,0.0,0.0,0.0,0.0,0.0,0.0,0.0,0.0,0.0,0.0,0.0,0.0,0.0,0.0,0.0,0.0,0.0,3651.0,2638.0,3693.0,3860.0,3264.0,2976.0,3183.0,2583.0,1620.0,2474.0,3279.0,3537.0,1766.0,1534.0,2612.0,1718.0,2353.0,3115.0,1686.0,1664.0,2191.0,2221.0,1276.0,43.0,0.0,0.0,0.0,0.0,0.0,0.0,0.0,0.0,0.0,0.0,0.0,0.0,26.0,31.0,47.0,36.0,19.0,25.0,18.0,20.0,11.0,15.0,19.0,1.0,1.0,0.0,0.0,0.0,0.0,0.0,0.0,0.0,0.0,0.0,0.0,0.0,0.0,0.0,0.0,0.0,0.0,0.0,0.0,0.0,0.0,0.0,0.0,0.0,0.0,0.0
Kona (SX2),휴양용 차량,내수,0.0,0.0,0.0,0.0,0.0,0.0,0.0,0.0,0.0,0.0,0.0,0.0,0.0,0.0,0.0,0.0,0.0,0.0,0.0,0.0,0.0,0.0,0.0,0.0,0.0,0.0,0.0,0.0,0.0,0.0,0.0,0.0,0.0,0.0,0.0,0.0,0.0,0.0,0.0,0.0,0.0,0.0,0.0,0.0,0.0,0.0,0.0,0.0,0.0,0.0,0.0,0.0,0.0,0.0,0.0,0.0,0.0,0.0,0.0,0.0,0.0,0.0,0.0,0.0,0.0,0.0,0.0,0.0,0.0,0.0,0.0,0.0,0.0,0.0,0.0,0.0,0.0,0.0,0.0,0.0,0.0,0.0,0.0,0.0,620.0,3127.0,3758.0,2370.0,1474.0,1529.0,1564.0,1187.0,1237.0,1326.0,1323.0,1218.0,1289.0,994.0,1943.0,2046.0,1826.0,1694.0,1385.0,1171.0,1148.0,1330.0,1052.0,1714.0,1510.0,1271.0
Kona (SX2 HEV),휴양용 차량,내수,0.0,0.0,0.0,0.0,0.0,0.0,0.0,0.0,0.0,0.0,0.0,0.0,0.0,0.0,0.0,0.0,0.0,0.0,0.0,0.0,0.0,0.0,0.0,0.0,0.0,0.0,0.0,0.0,0.0,0.0,0.0,0.0,0.0,0.0,0.0,0.0,0.0,0.0,0.0,0.0,0.0,0.0,0.0,0.0,0.0,0.0,0.0,0.0,0.0,0.0,0.0,0.0,0.0,0.0,0.0,0.0,0.0,0.0,0.0,0.0,0.0,0.0,0.0,0.0,0.0,0.0,0.0,0.0,0.0,0.0,0.0,0.0,0.0,0.0,0.0,0.0,0.0,0.0,0.0,0.0,0.0,0.0,0.0,0.0,0.0,0.0,989.0,1653.0,974.0,941.0,836.0,1153.0,1056.0,1271.0,1454.0,682.0,683.0,403.0,452.0,482.0,694.0,653.0,521.0,701.0,881.0,810.0,749.0,834.0,588.0,552.0
Kona (SX2 EV),휴양용 차량,내수,0.0,0.0,0.0,0.0,0.0,0.0,0.0,0.0,0.0,0.0,0.0,0.0,0.0,0.0,0.0,0.0,0.0,0.0,0.0,0.0,0.0,0.0,0.0,0.0,0.0,0.0,0.0,0.0,0.0,0.0,0.0,0.0,0.0,0.0,0.0,0.0,0.0,0.0,0.0,0.0,0.0,0.0,0.0,0.0,0.0,0.0,0.0,0.0,0.0,0.0,0.0,0.0,0.0,0.0,0.0,0.0,0.0,0.0,0.0,0.0,0.0,0.0,0.0,0.0,0.0,0.0,0.0,0.0,0.0,0.0,0.0,0.0,0.0,0.0,0.0,0.0,0.0,0.0,0.0,0.0,0.0,0.0,0.0,0.0,0.0,0.0,0.0,0.0,64.0,664.0,238.0,355.0,208.0,337.0,432.0,212.0,4.0,58.0,352.0,208.0,253.0,246.0,508.0,263.0,632.0,189.0,233.0,58.0,43.0,411.0
Tucson (TL),휴양용 차량,내수,4469.0,3812.0,5160.0,5720.0,5951.0,6540.0,3443.0,3962.0,3719.0,4126.0,4226.0,5480.0,2786.0,3156.0,3631.0,3400.0,4386.0,4272.0,4110.0,4132.0,4518.0,3444.0,4599.0,3888.0,2796.0,2766.0,3390.0,2703.0,2966.0,3237.0,2973.0,4148.0,3704.0,4865.0,4280.0,4778.0,0.0,0.0,0.0,0.0,0.0,0.0,0.0,0.0,0.0,0.0,0.0,0.0,0.0,0.0,0.0,0.0,0.0,0.0,0.0,0.0,0.0,0.0,0.0,0.0,0.0,0.0,0.0,0.0,0.0,0.0,0.0,0.0,0.0,0.0,0.0,0.0,0.0,0.0,0.0,0.0,0.0,0.0,0.0,0.0,0.0,0.0,0.0,0.0,0.0,0.0,0.0,0.0,0.0,0.0,0.0,0.0,0.0,0.0,0.0,0.0,0.0,0.0,0.0,0.0,0.0,0.0,0.0,0.0,0.0,0.0,0.0,0.0,0.0,0.0
Tucson (LMFC),휴양용 차량,내수,10.0,1.0,0.0,9.0,3.0,4.0,0.0,1.0,0.0,1.0,11.0,39.0,5.0,0.0,8.0,1.0,6.0,18.0,10.0,4.0,1.0,0.0,7.0,0.0,17.0,0.0,0.0,0.0,0.0,0.0,0.0,0.0,0.0,0.0,0.0,0.0,0.0,0.0,0.0,0.0,0.0,0.0,0.0,0.0,0.0,0.0,0.0,0.0,0.0,0.0,0.0,0.0,0.0,0.0,0.0,0.0,5.0,472.0,3231.0,3651.0,4415.0,4209.0,3380.0,3330.0,2167.0,2471.0,2689.0,2542.0,1567.0,1776.0,2052.0,2206.0,0.0,0.0,0.0,0.0,0.0,0.0,0.0,0.0,0.0,0.0,0.0,0.0,0.0,0.0,0.0,0.0,0.0,0.0,0.0,0.0,0.0,0.0,0.0,0.0,0.0,0.0,0.0,0.0,0.0,0.0,0.0,0.0,0.0,0.0,0.0,0.0,0.0,0.0
Tucson (NX4),휴양용 차량,내수,0.0,0.0,0.0,0.0,0.0,0.0,0.0,0.0,0.0,0.0,0.0,0.0,0.0,0.0,0.0,0.0,0.0,0.0,0.0,0.0,0.0,0.0,0.0,0.0,0.0,0.0,0.0,0.0,0.0,0.0,0.0,0.0,0.0,0.0,0.0,0.0,0.0,0.0,0.0,0.0,0.0,0.0,0.0,0.0,0.0,0.0,0.0,0.0,0.0,0.0,0.0,0.0,0.0,0.0,0.0,0.0,0.0,370.0,2983.0,3253.0,2318.0,1660.0,1605.0,1148.0,821.0,867.0,1283.0,1279.0,526.0,1135.0,1809.0,1121.0,2728.0,2034.0,2072.0,3273.0,2258.0,1724.0,1093.0,1398.0,1493.0,1052.0,1415.0,1890.0,2044.0,1955.0,2454.0,2409.0,2544.0,2755.0,1546.0,1659.0,1785.0,1922.0,1827.0,1883.0,2657.0,1464.0,1591.0,1817.0,2987.0,2592.0,1937.0,1649.0,1652.0,2835.0,2523.0,2973.0,2097.0,2349.0
Tucson (NX4 HEV),휴양용 차량,내수,0.0,0.0,0.0,0.0,0.0,0.0,0.0,0.0,0.0,0.0,0.0,0.0,0.0,0.0,0.0,0.0,0.0,0.0,0.0,0.0,0.0,0.0,0.0,0.0,0.0,0.0,0.0,0.0,0.0,0.0,0.0,0.0,0.0,0.0,0.0,0.0,0.0,0.0,0.0,0.0,0.0,0.0,0.0,0.0,0.0,0.0,0.0,0.0,0.0,0.0,0.0,0.0,0.0,0.0,0.0,0.0,0.0,0.0,0.0,0.0,0.0,0.0,0.0,0.0,0.0,0.0,0.0,0.0,0.0,0.0,0.0,0.0,891.0,650.0,668.0,902.0,1464.0,1140.0,455.0,564.0,959.0,677.0,897.0,1193.0,1592.0,1606.0,1782.0,1703.0,1697.0,1686.0,1644.0,1317.0,1341.0,1510.0,1378.0,1705.0,2495.0,1606.0,1933.0,2445.0,1851.0,1624.0,1187.0,2316.0,2901.0,3530.0,3060.0,3632.0,1539.0,2386.0
NEXO(FE),휴양용 차량,내수,0.0,0.0,0.0,0.0,0.0,0.0,0.0,0.0,0.0,0.0,0.0,0.0,0.0,0.0,0.0,0.0,0.0,0.0,0.0,0.0,0.0,0.0,0.0,0.0,0.0,0.0,11.0,51.0,62.0,55.0,29.0,43.0,49.0,127.0,160.0,140.0,21.0,72.0,151.0,363.0,461.0,478.0,352.0,247.0,454.0,608.0,699.0,288.0,81.0,443.0,706.0,795.0,270.0,317.0,700.0,675.0,461.0,640.0,365.0,333.0,142.0,568.0,934.0,1265.0,756.0,751.0,490.0,556.0,939.0,940.0,865.0,296.0,319.0,650.0,445.0,1294.0,1270.0,907.0,573.0,980.0,1083.0,1101.0,1096.0,446.0,307.0,884.0,694.0,327.0,410.0,305.0,371.0,293.0,237.0,189.0,232.0,79.0,2.0,331.0,268.0,252.0,316.0,294.0,330.0,347.0,268.0,184.0,111.0,48.0,24.0,248.0
IONIQ 5 (NE),휴양용 차량,내수,0.0,0.0,0.0,0.0,0.0,0.0,0.0,0.0,0.0,0.0,0.0,0.0,0.0,0.0,0.0,0.0,0.0,0.0,0.0,0.0,0.0,0.0,0.0,0.0,0.0,0.0,0.0,0.0,0.0,0.0,0.0,0.0,0.0,0.0,0.0,0.0,0.0,0.0,0.0,0.0,0.0,0.0,0.0,0.0,0.0,0.0,0.0,0.0,0.0,0.0,0.0,0.0,0.0,0.0,0.0,0.0,0.0,0.0,0.0,0.0,0.0,0.0,0.0,0.0,0.0,0.0,0.0,0.0,0.0,0.0,0.0,0.0,376.0,3995.0,3208.0,2963.0,3054.0,1507.0,3102.0,1998.0,2396.0,2169.0,1920.0,711.0,76.0,1911.0,1701.0,2123.0,2396.0,1297.0,1350.0,1061.0,612.0,1376.0,1669.0,763.0,34.0,221.0,1810.0,1549.0,1559.0,1810.0,1717.0,1181.0,1146.0,1039.0,1218.0,578.0,49.0,1446.0
IONIQ 5 N (NE N),휴양용 차량,내수,0.0,0.0,0.0,0.0,0.0,0.0,0.0,0.0,0.0,0.0,0.0,0.0,0.0,0.0,0.0,0.0,0.0,0.0,0.0,0.0,0.0,0.0,0.0,0.0,0.0,0.0,0.0,0.0,0.0,0.0,0.0,0.0,0.0,0.0,0.0,0.0,0.0,0.0,0.0,0.0,0.0,0.0,0.0,0.0,0.0,0.0,0.0,0.0,0.0,0.0,0.0,0.0,0.0,0.0,0.0,0.0,0.0,0.0,0.0,0.0,0.0,0.0,0.0,0.0,0.0,0.0,0.0,0.0,0.0,0.0,0.0,0.0,0.0,0.0,0.0,0.0,0.0,0.0,0.0,0.0,0.0,0.0,0.0,0.0,0.0,0.0,0.0,0.0,0.0,0.0,0.0,0.0,93.0,95.0,54.0,28.0,5.0,3.0,47.0,35.0,31.0,24.0,47.0,41.0,26.0,25.0,34.0,33.0,26.0,17.0
IONIQ9 (ME EV),휴양용 차량,내수,0.0,0.0,0.0,0.0,0.0,0.0,0.0,0.0,0.0,0.0,0.0,0.0,0.0,0.0,0.0,0.0,0.0,0.0,0.0,0.0,0.0,0.0,0.0,0.0,0.0,0.0,0.0,0.0,0.0,0.0,0.0,0.0,0.0,0.0,0.0,0.0,0.0,0.0,0.0,0.0,0.0,0.0,0.0,0.0,0.0,0.0,0.0,0.0,0.0,0.0,0.0,0.0,0.0,0.0,0.0,0.0,0.0,0.0,0.0,0.0,0.0,0.0,0.0,0.0,0.0,0.0,0.0,0.0,0.0,0.0,0.0,0.0,0.0,0.0,0.0,0.0,0.0,0.0,0.0,0.0,0.0,0.0,0.0,0.0,0.0,0.0,0.0,0.0,0.0,0.0,0.0,0.0,0.0,0.0,0.0,0.0,0.0,0.0,0.0,0.0,0.0,0.0,0.0,0.0,0.0,0.0,0.0,0.0,0.0,181.0
Santa0Fe (DM),휴양용 차량,내수,5074.0,5985.0,7243.0,6517.0,7387.0,8969.0,4638.0,5609.0,7451.0,4027.0,5464.0,8518.0,3185.0,5968.0,5458.0,3886.0,4431.0,4443.0,3675.0,4439.0,3619.0,3861.0,4521.0,4142.0,2957.0,2494.0,1457.0,841.0,296.0,10.0,2.0,2.0,0.0,0.0,0.0,0.0,0.0,0.0,0.0,0.0,0.0,0.0,0.0,0.0,0.0,0.0,0.0,0.0,0.0,0.0,0.0,0.0,0.0,0.0,0.0,0.0,0.0,0.0,0.0,0.0,0.0,0.0,0.0,0.0,0.0,0.0,0.0,0.0,0.0,0.0,0.0,0.0,0.0,0.0,0.0,0.0,0.0,0.0,0.0,0.0,0.0,0.0,0.0,0.0,0.0,0.0,0.0,0.0,0.0,0.0,0.0,0.0,0.0,0.0,0.0,0.0,0.0,0.0,0.0,0.0,0.0,0.0,0.0,0.0,0.0,0.0,0.0,0.0,0.0,0.0
Santa0Fe (Long),휴양용 차량,내수,965.0,751.0,1126.0,1000.0,908.0,1169.0,505.0,524.0,558.0,562.0,474.0,1013.0,678.0,760.0,828.0,639.0,570.0,709.0,542.0,530.0,585.0,468.0,320.0,353.0,0.0,0.0,0.0,0.0,0.0,0.0,0.0,0.0,0.0,0.0,0.0,0.0,7001.0,7023.0,8231.0,6759.0,6882.0,8192.0,7393.0,6858.0,7813.0,6676.0,7001.0,6369.0,3204.0,2978.0,5788.0,3468.0,5765.0,4901.0,6252.0,6224.0,4520.0,4003.0,5157.0,5318.0,4313.0,2781.0,4274.0,4096.0,3479.0,2780.0,2392.0,1281.0,853.0,2151.0,1478.0,2016.0,0.0,0.0,0.0,0.0,0.0,0.0,0.0,0.0,0.0,0.0,0.0,0.0,0.0,0.0,0.0,0.0,0.0,0.0,0.0,0.0,0.0,0.0,0.0,0.0,0.0,0.0,0.0,0.0,0.0,0.0,0.0,0.0,0.0,0.0,0.0,0.0,0.0,0.0
Santa0Fe (TM),휴양용 차량,내수,0.0,0.0,0.0,0.0,0.0,0.0,0.0,0.0,0.0,0.0,0.0,0.0,0.0,0.0,0.0,0.0,0.0,0.0,0.0,0.0,0.0,0.0,0.0,0.0,0.0,1647.0,11619.0,10996.0,10372.0,9064.0,9891.0,9803.0,8326.0,9781.0,9001.0,8643.0,0.0,0.0,0.0,0.0,0.0,0.0,0.0,0.0,0.0,0.0,0.0,0.0,0.0,0.0,0.0,0.0,0.0,0.0,0.0,0.0,0.0,0.0,0.0,0.0,0.0,0.0,0.0,0.0,0.0,0.0,0.0,0.0,0.0,0.0,0.0,0.0,1039.0,831.0,988.0,1139.0,1376.0,1657.0,914.0,1352.0,1312.0,1137.0,1460.0,1916.0,1063.0,1240.0,1054.0,1136.0,1310.0,1323.0,963.0,968.0,263.0,161.0,79.0,54.0,2.0,0.0,0.0,0.0,0.0,0.0,0.0,0.0,0.0,0.0,0.0,0.0,0.0,0.0
Santa0Fe (TM HEV),휴양용 차량,내수,0.0,0.0,0.0,0.0,0.0,0.0,0.0,0.0,0.0,0.0,0.0,0.0,0.0,0.0,0.0,0.0,0.0,0.0,0.0,0.0,0.0,0.0,0.0,0.0,0.0,0.0,0.0,0.0,0.0,0.0,0.0,0.0,0.0,0.0,0.0,0.0,0.0,0.0,0.0,0.0,0.0,0.0,0.0,0.0,0.0,0.0,0.0,0.0,0.0,0.0,0.0,0.0,0.0,0.0,0.0,0.0,0.0,0.0,0.0,0.0,0.0,0.0,0.0,0.0,0.0,0.0,0.0,0.0,0.0,0.0,0.0,0.0,1120.0,849.0,872.0,858.0,1101.0,1256.0,447.0,1182.0,1015.0,1585.0,1404.0,1895.0,1061.0,1536.0,1923.0,1638.0,1247.0,2030.0,1112.0,1257.0,547.0,224.0,44.0,1.0,0.0,0.0,0.0,0.0,0.0,0.0,0.0,0.0,0.0,0.0,0.0,0.0,0.0,0.0
Santa0Fe (NC),휴양용 차량,내수,0.0,0.0,0.0,0.0,0.0,0.0,0.0,0.0,0.0,0.0,0.0,0.0,0.0,0.0,0.0,0.0,0.0,0.0,0.0,0.0,0.0,0.0,0.0,0.0,326.0,231.0,280.0,203.0,140.0,119.0,195.0,157.0,55.0,25.0,19.0,15.0,0.0,0.0,0.0,0.0,0.0,0.0,0.0,0.0,0.0,0.0,0.0,0.0,0.0,0.0,0.0,0.0,0.0,0.0,0.0,0.0,0.0,0.0,0.0,0.0,0.0,0.0,0.0,0.0,0.0,0.0,2060.0,2041.0,1336.0,1343.0,1417.0,1509.0,0.0,0.0,0.0,0.0,0.0,0.0,0.0,0.0,0.0,0.0,0.0,0.0,0.0,0.0,0.0,0.0,0.0,0.0,0.0,0.0,0.0,0.0,0.0,0.0,0.0,0.0,0.0,0.0,0.0,0.0,0.0,0.0,0.0,0.0,0.0,0.0,0.0,0.0
Santa0Fe (TM HEV),휴양용 차량,내수,0.0,0.0,0.0,0.0,0.0,0.0,0.0,0.0,0.0,0.0,0.0,0.0,0.0,0.0,0.0,0.0,0.0,0.0,0.0,0.0,0.0,0.0,0.0,0.0,0.0,0.0,0.0,0.0,0.0,0.0,0.0,0.0,0.0,0.0,0.0,0.0,5903.0,5769.0,6377.0,6583.0,3743.0,3127.0,3660.0,2304.0,2241.0,3087.0,4137.0,5368.0,5173.0,2618.0,6293.0,5873.0,4177.0,6895.0,6071.0,4433.0,5069.0,6514.0,5706.0,5969.0,3818.0,4045.0,5897.0,5777.0,5040.0,4964.0,4695.0,4011.0,3290.0,2582.0,4503.0,3716.0,0.0,0.0,0.0,0.0,0.0,0.0,0.0,0.0,0.0,0.0,0.0,0.0,0.0,0.0,0.0,0.0,0.0,0.0,0.0,0.0,0.0,0.0,0.0,0.0,0.0,0.0,0.0,0.0,0.0,0.0,0.0,0.0,0.0,0.0,0.0,0.0,0.0,0.0
Santa0Fe (MX5),휴양용 차량,내수,0.0,0.0,0.0,0.0,0.0,0.0,0.0,0.0,0.0,0.0,0.0,0.0,0.0,0.0,0.0,0.0,0.0,0.0,0.0,0.0,0.0,0.0,0.0,0.0,0.0,0.0,0.0,0.0,0.0,0.0,0.0,0.0,0.0,0.0,0.0,0.0,0.0,0.0,0.0,0.0,0.0,0.0,0.0,0.0,0.0,0.0,0.0,0.0,0.0,0.0,0.0,0.0,0.0,0.0,0.0,0.0,0.0,0.0,0.0,0.0,0.0,0.0,0.0,0.0,0.0,0.0,0.0,0.0,0.0,0.0,0.0,0.0,0.0,0.0,0.0,0.0,0.0,0.0,0.0,0.0,0.0,0.0,0.0,0.0,0.0,0.0,0.0,0.0,0.0,0.0,0.0,550.0,4329.0,3277.0,1708.0,2011.0,2986.0,2441.0,1903.0,2077.0,1709.0,1460.0,1367.0,1347.0,1237.0,1553.0,2183.0,1049.0,1005.0,1174.0
Santa0Fe (MX5 HEV),휴양용 차량,내수,0.0,0.0,0.0,0.0,0.0,0.0,0.0,0.0,0.0,0.0,0.0,0.0,0.0,0.0,0.0,0.0,0.0,0.0,0.0,0.0,0.0,0.0,0.0,0.0,0.0,0.0,0.0,0.0,0.0,0.0,0.0,0.0,0.0,0.0,0.0,0.0,0.0,0.0,0.0,0.0,0.0,0.0,0.0,0.0,0.0,0.0,0.0,0.0,0.0,0.0,0.0,0.0,0.0,0.0,0.0,0.0,0.0,0.0,0.0,0.0,0.0,0.0,0.0,0.0,0.0,0.0,0.0,0.0,0.0,0.0,0.0,0.0,0.0,0.0,0.0,0.0,0.0,0.0,0.0,0.0,0.0,0.0,0.0,0.0,0.0,0.0,0.0,0.0,0.0,0.0,0.0,0.0,0.0,4669.0,6949.0,5616.0,5028.0,4972.0,5981.0,3770.0,3896.0,3540.0,3881.0,4368.0,4077.0,5741.0,5393.0,5200.0,3814.0,3902.0
Palisade (LX2),휴양용 차량,내수,0.0,0.0,0.0,0.0,0.0,0.0,0.0,0.0,0.0,0.0,0.0,0.0,0.0,0.0,0.0,0.0,0.0,0.0,0.0,0.0,0.0,0.0,0.0,0.0,0.0,0.0,0.0,0.0,0.0,0.0,0.0,0.0,0.0,0.0,0.0,1908.0,0.0,0.0,0.0,0.0,0.0,0.0,0.0,0.0,0.0,0.0,0.0,0.0,0.0,0.0,0.0,0.0,0.0,0.0,0.0,0.0,0.0,0.0,0.0,0.0,0.0,0.0,0.0,0.0,0.0,0.0,0.0,0.0,0.0,47.0,406.0,737.0,4302.0,3900.0,4501.0,4461.0,4110.0,5760.0,3113.0,3269.0,3464.0,4147.0,4366.0,4344.0,3922.0,3539.0,4820.0,4096.0,3553.0,3164.0,3264.0,3752.0,2935.0,2825.0,3157.0,2066.0,1741.0,2365.0,1974.0,1789.0,1335.0,1273.0,1316.0,1529.0,1704.0,1517.0,2282.0,2142.0,1287.0,115.0
Palisade (LX3),휴양용 차량,내수,0.0,0.0,0.0,0.0,0.0,0.0,0.0,0.0,0.0,0.0,0.0,0.0,0.0,0.0,0.0,0.0,0.0,0.0,0.0,0.0,0.0,0.0,0.0,0.0,0.0,0.0,0.0,0.0,0.0,0.0,0.0,0.0,0.0,0.0,0.0,0.0,0.0,0.0,0.0,0.0,0.0,0.0,0.0,0.0,0.0,0.0,0.0,0.0,0.0,0.0,0.0,0.0,0.0,0.0,0.0,0.0,0.0,0.0,0.0,0.0,0.0,0.0,0.0,0.0,0.0,0.0,0.0,0.0,0.0,0.0,0.0,0.0,0.0,0.0,0.0,0.0,0.0,0.0,0.0,0.0,0.0,0.0,0.0,0.0,0.0,0.0,0.0,0.0,0.0,0.0,0.0,0.0,0.0,0.0,0.0,0.0,0.0,0.0,0.0,0.0,0.0,0.0,0.0,0.0,0.0,0.0,0.0,0.0,1234.0,3727.0
GV60 (JW),휴양용 차량,내수,0.0,0.0,0.0,0.0,0.0,0.0,0.0,0.0,0.0,0.0,0.0,0.0,0.0,0.0,0.0,0.0,0.0,0.0,0.0,0.0,0.0,0.0,0.0,0.0,0.0,0.0,0.0,0.0,0.0,0.0,0.0,0.0,0.0,0.0,0.0,0.0,0.0,0.0,0.0,0.0,0.0,0.0,0.0,0.0,0.0,0.0,0.0,0.0,0.0,0.0,0.0,0.0,0.0,0.0,0.0,0.0,0.0,0.0,15.0,83.0,2287.0,2686.0,5093.0,4161.0,4336.0,4138.0,3792.0,2575.0,1805.0,2892.0,3379.0,3850.0,177.0,349.0,685.0,796.0,724.0,670.0,536.0,260.0,332.0,493.0,405.0,212.0,7.0,210.0,716.0,530.0,598.0,422.0,227.0,127.0,104.0,111.0,96.0,50.0,7.0,10.0,68.0,88.0,88.0,54.0,64.0,33.0,34.0,42.0,58.0,44.0,2.0,16.0
GV70 (JK),휴양용 차량,내수,0.0,0.0,0.0,0.0,0.0,0.0,0.0,0.0,0.0,0.0,0.0,0.0,0.0,0.0,0.0,0.0,0.0,0.0,0.0,0.0,0.0,0.0,0.0,0.0,0.0,0.0,0.0,0.0,0.0,0.0,0.0,0.0,0.0,0.0,0.0,0.0,0.0,0.0,0.0,0.0,0.0,0.0,0.0,0.0,0.0,0.0,0.0,0.0,0.0,0.0,0.0,0.0,0.0,0.0,0.0,0.0,0.0,0.0,0.0,0.0,0.0,0.0,0.0,0.0,0.0,0.0,0.0,0.0,0.0,0.0,0.0,0.0,2415.0,2592.0,1813.0,1686.0,2315.0,1734.0,1894.0,1673.0,2108.0,2240.0,2598.0,3477.0,1146.0,2291.0,2675.0,2446.0,2288.0,3781.0,3209.0,2833.0,2743.0,3467.0,2819.0,2617.0,2195.0,1796.0,1145.0,1592.0,2010.0,4651.0,3803.0,3835.0,3324.0,3921.0,3137.0,2574.0,2734.0,2658.0
GV70 (JK EV),휴양용 차량,내수,0.0,0.0,0.0,0.0,0.0,0.0,0.0,0.0,0.0,0.0,0.0,0.0,0.0,0.0,0.0,0.0,0.0,0.0,0.0,0.0,0.0,0.0,0.0,0.0,0.0,0.0,0.0,0.0,0.0,0.0,0.0,0.0,0.0,0.0,0.0,0.0,0.0,0.0,0.0,0.0,0.0,0.0,0.0,0.0,0.0,0.0,0.0,0.0,347.0,1176.0,3268.0,4324.0,4164.0,3728.0,3009.0,1810.0,2918.0,2743.0,3258.0,3472.0,1965.0,1190.0,2470.0,2321.0,1531.0,2070.0,2159.0,1231.0,1290.0,1828.0,3233.0,3303.0,0.0,0.0,94.0,414.0,544.0,485.0,337.0,331.0,240.0,173.0,234.0,100.0,3.0,177.0,302.0,320.0,327.0,247.0,206.0,94.0,121.0,240.0,91.0,31.0,37.0,9.0,98.0,74.0,56.0,42.0,36.0,44.0,19.0,29.0,18.0,24.0,5.0,91.0
GV80 (JX),휴양용 차량,내수,0.0,0.0,0.0,0.0,0.0,0.0,0.0,0.0,0.0,0.0,0.0,0.0,0.0,0.0,0.0,0.0,0.0,0.0,0.0,0.0,0.0,0.0,0.0,0.0,0.0,0.0,0.0,0.0,0.0,0.0,0.0,0.0,0.0,0.0,0.0,0.0,0.0,0.0,0.0,0.0,0.0,0.0,0.0,0.0,0.0,0.0,0.0,0.0,0.0,0.0,0.0,0.0,0.0,0.0,0.0,0.0,0.0,0.0,0.0,0.0,0.0,0.0,0.0,0.0,0.0,0.0,0.0,0.0,0.0,0.0,0.0,0.0,1876.0,1782.0,1959.0,1753.0,1635.0,1745.0,1931.0,1493.0,1527.0,1945.0,2214.0,3579.0,1881.0,1673.0,2786.0,2916.0,2737.0,2572.0,1900.0,1692.0,1507.0,885.0,3874.0,4437.0,4351.0,4275.0,4003.0,3703.0,2912.0,2637.0,2562.0,1965.0,2428.0,1902.0,3121.0,2394.0,2534.0,2488.0
GV80 Coupe (JX Coupe),휴양용 차량,내수,0.0,0.0,0.0,0.0,0.0,0.0,0.0,0.0,0.0,0.0,0.0,0.0,0.0,0.0,0.0,0.0,0.0,0.0,0.0,0.0,0.0,0.0,0.0,0.0,0.0,0.0,0.0,0.0,0.0,0.0,0.0,0.0,0.0,0.0,0.0,0.0,0.0,0.0,0.0,0.0,0.0,0.0,0.0,0.0,0.0,0.0,0.0,0.0,0.0,0.0,0.0,0.0,0.0,0.0,0.0,0.0,0.0,0.0,0.0,0.0,0.0,0.0,0.0,0.0,0.0,0.0,0.0,0.0,0.0,0.0,0.0,0.0,0.0,0.0,0.0,0.0,0.0,0.0,0.0,0.0,0.0,0.0,0.0,0.0,0.0,0.0,0.0,0.0,0.0,0.0,0.0,0.0,0.0,0.0,0.0,0.0,245.0,377.0,301.0,381.0,401.0,226.0,275.0,196.0,182.0,126.0,241.0,165.0,158.0,154.0
LCV,상업용 차량,내수,12472.0,10246.0,14577.0,13315.0,13314.0,14366.0,12199.0,7919.0,7055.0,10118.0,13138.0,13928.0,11256.0,11532.0,14613.0,13125.0,13810.0,14283.0,12357.0,9921.0,11401.0,10853.0,13894.0,10064.0,10150.0,10527.0,13421.0,13681.0,12377.0,13568.0,12528.0,8750.0,11750.0,14242.0,13948.0,13233.0,13130.0,10378.0,14349.0,13805.0,12921.0,12213.0,13409.0,8434.0,7257.0,10775.0,11746.0,10975.0,10128.0,9143.0,12071.0,10645.0,9567.0,12050.0,13647.0,9069.0,11815.0,11777.0,11109.0,10363.0,10242.0,8994.0,13104.0,10540.0,10506.0,13611.0,12822.0,10987.0,7819.0,6817.0,10319.0,9889.0,8253.0,10052.0,6804.0,10810.0,11213.0,9431.0,11984.0,10749.0,11317.0,12481.0,10345.0,12431.0,9542.0,14515.0,14262.0,12475.0,11628.0,11751.0,11912.0,8927.0,8414.0,11843.0,12597.0,9589.0,7923.0,9233.0,11155.0,11287.0,9757.0,9613.0,8946.0,8304.0,7753.0,9617.0,8949.0,8836.0,5826.0,8375.0
HCV,상업용 차량,내수,2010.0,2256.0,2953.0,2934.0,2803.0,2836.0,2697.0,2085.0,2325.0,2875.0,2902.0,2648.0,2281.0,2923.0,3291.0,3076.0,2942.0,2915.0,2853.0,2511.0,2792.0,2239.0,2508.0,1947.0,2315.0,2200.0,2952.0,3030.0,2840.0,2700.0,2507.0,2253.0,1803.0,2400.0,2300.0,1951.0,2203.0,2101.0,2825.0,2900.0,2700.0,2403.0,2200.0,1703.0,1900.0,2300.0,2205.0,2002.0,2003.0,1833.0,2700.0,2602.0,2400.0,2450.0,2221.0,1813.0,2128.0,2315.0,2431.0,2173.0,2200.0,2244.0,2952.0,3125.0,2815.0,2704.0,2201.0,2006.0,1716.0,2296.0,2339.0,2060.0,1945.0,1802.0,2435.0,1681.0,2812.0,2890.0,2535.0,2338.0,2554.0,2727.0,2612.0,2375.0,1178.0,1227.0,2579.0,1826.0,2443.0,2550.0,2154.0,2209.0,2047.0,2347.0,2468.0,2124.0,1710.0,1763.0,2229.0,2341.0,2512.0,2518.0,2305.0,2369.0,2204.0,2490.0,2401.0,2022.0,1762.0,2141.0
Avante (CN7),승용차,수출,0.0,0.0,0.0,0.0,0.0,0.0,0.0,0.0,0.0,0.0,0.0,0.0,0.0,0.0,0.0,0.0,0.0,0.0,0.0,0.0,0.0,0.0,0.0,0.0,0.0,0.0,0.0,0.0,0.0,0.0,0.0,0.0,0.0,0.0,0.0,0.0,0.0,0.0,0.0,0.0,0.0,0.0,0.0,0.0,0.0,0.0,0.0,0.0,1.0,5.0,3.0,1.0,3.0,7.0,594.0,2183.0,7481.0,13652.0,13369.0,11394.0,9886.0,7772.0,11432.0,10892.0,6882.0,10958.0,7580.0,7913.0,9243.0,8016.0,10070.0,12130.0,11565.0,9129.0,11383.0,12394.0,10046.0,12032.0,14914.0,5617.0,14177.0,12625.0,13345.0,14891.0,13012.0,15452.0,14486.0,14714.0,14232.0,15191.0,13160.0,13015.0,11833.0,15295.0,14959.0,14060.0,16915.0,10835.0,16840.0,19376.0,18701.0,19533.0,13496.0,14832.0,13325.0,15664.0,13790.0,17241.0,10264.0,12460.0
Avante (CN7 HEV),승용차,수출,0.0,0.0,0.0,0.0,0.0,0.0,0.0,0.0,0.0,0.0,0.0,0.0,0.0,0.0,0.0,0.0,0.0,0.0,0.0,0.0,0.0,0.0,0.0,0.0,0.0,0.0,0.0,0.0,0.0,0.0,0.0,0.0,0.0,0.0,0.0,0.0,0.0,0.0,0.0,0.0,0.0,0.0,0.0,0.0,0.0,0.0,0.0,0.0,0.0,0.0,1.0,0.0,2.0,0.0,0.0,0.0,16.0,0.0,0.0,543.0,1374.0,769.0,973.0,808.0,321.0,647.0,1193.0,781.0,420.0,712.0,535.0,1195.0,2475.0,2036.0,1817.0,2516.0,1796.0,2589.0,3040.0,1808.0,3215.0,3158.0,2316.0,3622.0,2492.0,2792.0,2794.0,3416.0,2671.0,2715.0,2857.0,2574.0,2615.0,2929.0,2776.0,3758.0,4789.0,1607.0,2506.0,2952.0,2577.0,2494.0,2384.0,3279.0,1753.0,3597.0,2822.0,2356.0,3720.0,4964.0
Avante (CN7 N),승용차,수출,0.0,0.0,0.0,0.0,0.0,0.0,0.0,0.0,0.0,0.0,0.0,0.0,0.0,0.0,0.0,0.0,0.0,0.0,0.0,0.0,0.0,0.0,0.0,0.0,0.0,0.0,0.0,0.0,0.0,0.0,0.0,0.0,0.0,0.0,0.0,0.0,0.0,0.0,0.0,0.0,0.0,0.0,0.0,0.0,0.0,0.0,0.0,0.0,0.0,0.0,0.0,0.0,0.0,0.0,0.0,0.0,0.0,0.0,0.0,0.0,0.0,0.0,3.0,0.0,5.0,0.0,3.0,0.0,34.0,314.0,303.0,477.0,650.0,367.0,480.0,590.0,569.0,576.0,768.0,283.0,884.0,816.0,929.0,813.0,719.0,450.0,307.0,584.0,382.0,681.0,234.0,119.0,377.0,553.0,586.0,205.0,134.0,409.0,507.0,712.0,481.0,565.0,502.0,504.0,881.0,1106.0,906.0,698.0,667.0,809.0
Avante (AD),승용차,수출,16814.0,15610.0,22651.0,21903.0,19927.0,18170.0,12053.0,7869.0,9109.0,12691.0,17334.0,19135.0,14942.0,18395.0,17183.0,16299.0,14633.0,16723.0,13236.0,7257.0,12577.0,12217.0,14329.0,7569.0,11625.0,10762.0,11734.0,11015.0,14234.0,12113.0,10992.0,12965.0,12546.0,13891.0,15195.0,16206.0,3195.0,2768.0,3497.0,2387.0,2715.0,1961.0,3089.0,1791.0,575.0,413.0,179.0,110.0,10191.0,7269.0,11577.0,5980.0,6615.0,6048.0,5010.0,203.0,1.0,27.0,15.0,0.0,0.0,0.0,0.0,0.0,0.0,0.0,0.0,0.0,0.0,0.0,0.0,0.0,0.0,0.0,0.0,0.0,0.0,0.0,0.0,0.0,0.0,0.0,0.0,0.0,0.0,0.0,0.0,0.0,0.0,0.0,0.0,0.0,0.0,0.0,0.0,0.0,0.0,0.0,0.0,0.0,0.0,0.0,0.0,0.0,0.0,0.0,0.0,0.0,0.0,0.0
Accent (RB),승용차,수출,15537.0,9520.0,24138.0,20561.0,18843.0,22485.0,22730.0,11897.0,13463.0,23583.0,27357.0,29460.0,450.0,2.0,20664.0,21437.0,21856.0,21516.0,21878.0,11855.0,13725.0,10359.0,9863.0,6830.0,7195.0,5336.0,4255.0,6124.0,8288.0,5366.0,6325.0,5356.0,4124.0,3679.0,5199.0,3055.0,12919.0,9065.0,11673.0,16509.0,13640.0,14996.0,11829.0,9878.0,10293.0,13052.0,8298.0,10428.0,0.0,0.0,0.0,0.0,0.0,0.0,0.0,0.0,0.0,0.0,0.0,0.0,0.0,0.0,0.0,0.0,0.0,0.0,0.0,0.0,0.0,0.0,0.0,0.0,0.0,0.0,0.0,0.0,0.0,0.0,0.0,0.0,0.0,0.0,0.0,0.0,0.0,0.0,0.0,0.0,0.0,0.0,0.0,0.0,0.0,0.0,0.0,0.0,0.0,0.0,0.0,0.0,0.0,0.0,0.0,0.0,0.0,0.0,0.0,0.0,0.0,0.0
IONIQ (AE HEV),승용차,수출,17.0,15.0,8.0,5.0,15.0,0.0,1140.0,1431.0,1733.0,3142.0,2721.0,4395.0,2600.0,3831.0,3924.0,3680.0,3215.0,4441.0,3907.0,2133.0,3259.0,2882.0,6908.0,3116.0,4006.0,3188.0,5527.0,5996.0,3668.0,1044.0,1728.0,3874.0,3448.0,7501.0,6178.0,6356.0,4269.0,3146.0,4164.0,4621.0,3096.0,2774.0,4236.0,3259.0,4238.0,2991.0,5661.0,5475.0,4427.0,1545.0,2945.0,1149.0,2285.0,2964.0,2003.0,1956.0,2595.0,3171.0,1955.0,2258.0,2873.0,2016.0,2381.0,2659.0,2334.0,2547.0,3211.0,2420.0,2629.0,3627.0,3526.0,2386.0,1959.0,964.0,1252.0,1156.0,615.0,1569.0,1680.0,169.0,36.0,52.0,0.0,0.0,0.0,0.0,0.0,0.0,0.0,0.0,0.0,0.0,0.0,0.0,0.0,0.0,0.0,0.0,0.0,0.0,0.0,0.0,0.0,0.0,0.0,0.0,0.0,0.0,0.0,0.0
IONIQ (AE PHEV),승용차,수출,0.0,0.0,0.0,0.0,0.0,0.0,0.0,0.0,0.0,0.0,1.0,6.0,11.0,4.0,0.0,359.0,693.0,428.0,230.0,187.0,219.0,549.0,989.0,674.0,1047.0,1033.0,944.0,1130.0,634.0,132.0,443.0,605.0,580.0,776.0,715.0,780.0,821.0,379.0,1157.0,1172.0,1102.0,1236.0,1407.0,835.0,1178.0,1357.0,1280.0,1089.0,475.0,596.0,985.0,663.0,659.0,1017.0,920.0,526.0,682.0,766.0,587.0,408.0,846.0,665.0,834.0,793.0,633.0,458.0,390.0,343.0,349.0,630.0,453.0,674.0,587.0,297.0,464.0,291.0,202.0,92.0,170.0,1.0,0.0,0.0,0.0,0.0,0.0,0.0,0.0,0.0,0.0,0.0,0.0,0.0,0.0,0.0,0.0,0.0,0.0,0.0,0.0,0.0,0.0,0.0,0.0,0.0,0.0,0.0,0.0,0.0,0.0,0.0
IONIQ (AE EV),승용차,수출,0.0,2.0,4.0,0.0,8.0,11.0,9.0,186.0,752.0,927.0,56.0,60.0,827.0,737.0,579.0,650.0,714.0,838.0,398.0,210.0,1509.0,1244.0,1032.0,726.0,873.0,582.0,1151.0,653.0,913.0,1273.0,1666.0,1544.0,2137.0,1535.0,1439.0,1630.0,1654.0,570.0,1279.0,1041.0,907.0,657.0,1581.0,1284.0,1271.0,2533.0,2039.0,1928.0,1403.0,1056.0,1749.0,1131.0,1093.0,1011.0,824.0,939.0,520.0,852.0,910.0,887.0,1246.0,1280.0,1195.0,761.0,788.0,799.0,825.0,252.0,626.0,594.0,320.0,391.0,470.0,677.0,544.0,764.0,746.0,596.0,792.0,18.0,0.0,0.0,0.0,0.0,0.0,0.0,0.0,0.0,0.0,0.0,0.0,0.0,0.0,0.0,0.0,0.0,0.0,0.0,0.0,0.0,0.0,0.0,0.0,0.0,0.0,0.0,0.0,0.0,0.0,0.0
i30 (GD),승용차,수출,5802.0,4129.0,4545.0,4387.0,4687.0,5074.0,4285.0,1649.0,1528.0,3482.0,5378.0,5177.0,3021.0,6.0,0.0,0.0,0.0,0.0,0.0,0.0,0.0,0.0,0.0,0.0,0.0,0.0,0.0,0.0,0.0,0.0,0.0,0.0,0.0,0.0,0.0,0.0,0.0,0.0,0.0,0.0,0.0,0.0,0.0,0.0,0.0,0.0,0.0,0.0,0.0,0.0,0.0,0.0,0.0,0.0,0.0,0.0,0.0,0.0,0.0,0.0,0.0,0.0,0.0,0.0,0.0,0.0,0.0,0.0,0.0,0.0,0.0,0.0,0.0,0.0,0.0,0.0,0.0,0.0,0.0,0.0,0.0,0.0,0.0,0.0,1564.0,1107.0,1523.0,1863.0,1070.0,1280.0,1452.0,1538.0,493.0,1278.0,699.0,1412.0,67.0,0.0,0.0,0.0,0.0,0.0,0.0,0.0,0.0,0.0,0.0,0.0,0.0,0.0
i30 (PD),승용차,수출,0.0,0.0,0.0,0.0,0.0,0.0,0.0,0.0,0.0,0.0,0.0,0.0,0.0,0.0,3336.0,5975.0,4991.0,6749.0,6220.0,3859.0,5811.0,3104.0,3441.0,1891.0,2558.0,2549.0,3288.0,3883.0,4980.0,4012.0,3739.0,3296.0,2995.0,3514.0,4733.0,3682.0,3198.0,1284.0,2993.0,3716.0,3309.0,4154.0,4642.0,1904.0,2956.0,3162.0,2368.0,2357.0,2372.0,1472.0,2803.0,1087.0,1446.0,1090.0,1529.0,1314.0,2099.0,1649.0,2667.0,1608.0,1821.0,1400.0,1480.0,1404.0,1604.0,1811.0,2284.0,1265.0,1366.0,1707.0,881.0,1204.0,1835.0,2078.0,1273.0,1410.0,1265.0,1142.0,1157.0,676.0,975.0,1045.0,1247.0,1049.0,0.0,0.0,0.0,0.0,0.0,0.0,0.0,0.0,0.0,0.0,0.0,0.0,0.0,0.0,0.0,0.0,0.0,0.0,0.0,0.0,0.0,0.0,0.0,0.0,0.0,0.0
Veloster (FS),승용차,수출,1925.0,1494.0,3442.0,2374.0,3100.0,2917.0,569.0,1006.0,1278.0,1899.0,2862.0,3167.0,4.0,0.0,2406.0,2694.0,2494.0,2040.0,1.0,0.0,0.0,0.0,0.0,0.0,0.0,0.0,0.0,0.0,0.0,0.0,0.0,0.0,0.0,0.0,0.0,0.0,0.0,0.0,0.0,0.0,0.0,0.0,0.0,0.0,0.0,0.0,0.0,0.0,0.0,0.0,0.0,0.0,0.0,0.0,0.0,0.0,0.0,0.0,0.0,0.0,0.0,0.0,0.0,0.0,0.0,0.0,0.0,0.0,0.0,0.0,0.0,0.0,0.0,0.0,0.0,0.0,0.0,0.0,0.0,0.0,0.0,0.0,0.0,0.0,0.0,0.0,0.0,0.0,0.0,0.0,0.0,0.0,0.0,0.0,0.0,0.0,0.0,0.0,0.0,0.0,0.0,0.0,0.0,0.0,0.0,0.0,0.0,0.0,0.0,0.0
Veloster (JS),승용차,수출,0.0,0.0,0.0,0.0,0.0,0.0,0.0,0.0,0.0,0.0,0.0,0.0,0.0,0.0,0.0,0.0,0.0,0.0,0.0,0.0,0.0,11.0,0.0,6.0,0.0,0.0,478.0,2770.0,2197.0,1692.0,1313.0,1837.0,905.0,836.0,605.0,1184.0,691.0,904.0,873.0,867.0,855.0,1403.0,1044.0,757.0,874.0,992.0,923.0,1008.0,655.0,29.0,722.0,308.0,17.0,578.0,5.0,0.0,0.0,0.0,0.0,0.0,0.0,0.0,0.0,0.0,0.0,0.0,0.0,0.0,0.0,0.0,0.0,0.0,0.0,0.0,0.0,0.0,0.0,0.0,0.0,0.0,0.0,0.0,0.0,0.0,0.0,0.0,0.0,0.0,0.0,0.0,0.0,0.0,0.0,0.0,0.0,0.0,0.0,0.0,0.0,0.0,0.0,0.0,0.0,0.0,0.0,0.0,0.0,0.0,0.0,0.0
Veloster (JS N),승용차,수출,0.0,0.0,0.0,0.0,0.0,0.0,0.0,0.0,0.0,0.0,0.0,0.0,0.0,0.0,0.0,0.0,0.0,0.0,0.0,0.0,0.0,0.0,0.0,0.0,2.0,0.0,0.0,0.0,3.0,3.0,3.0,0.0,20.0,418.0,260.0,169.0,246.0,110.0,459.0,19.0,322.0,343.0,251.0,179.0,355.0,341.0,260.0,255.0,154.0,15.0,444.0,100.0,76.0,336.0,37.0,31.0,262.0,272.0,269.0,279.0,285.0,211.0,331.0,300.0,114.0,173.0,211.0,60.0,368.0,136.0,52.0,311.0,317.0,332.0,313.0,252.0,369.0,253.0,311.0,4.0,5.0,0.0,0.0,0.0,0.0,0.0,0.0,0.0,0.0,0.0,0.0,0.0,0.0,0.0,0.0,0.0,0.0,0.0,0.0,0.0,0.0,0.0,0.0,0.0,0.0,0.0,0.0,0.0,0.0,0.0
Coupe (BK),승용차,수출,427.0,545.0,501.0,576.0,608.0,84.0,0.0,0.0,0.0,0.0,0.0,0.0,0.0,0.0,0.0,0.0,0.0,0.0,0.0,0.0,0.0,0.0,0.0,4607.0,0.0,0.0,0.0,0.0,0.0,0.0,0.0,0.0,0.0,0.0,0.0,0.0,0.0,0.0,0.0,0.0,0.0,0.0,0.0,0.0,0.0,0.0,0.0,0.0,0.0,0.0,0.0,0.0,0.0,0.0,0.0,0.0,0.0,0.0,0.0,0.0,0.0,0.0,0.0,0.0,0.0,0.0,0.0,0.0,0.0,0.0,0.0,0.0,0.0,0.0,0.0,0.0,0.0,0.0,0.0,0.0,0.0,0.0,0.0,0.0,0.0,0.0,0.0,0.0,0.0,0.0,0.0,0.0,0.0,0.0,0.0,0.0,0.0,0.0,0.0,0.0,0.0,0.0,0.0,0.0,0.0,0.0,0.0,0.0,0.0,0.0
Sonata (LF),승용차,수출,1486.0,1530.0,2966.0,3901.0,3503.0,4364.0,3916.0,2980.0,1955.0,3324.0,2919.0,3406.0,617.0,1332.0,2284.0,1673.0,4744.0,4292.0,3493.0,2884.0,4915.0,5841.0,5769.0,673.0,2491.0,3211.0,2615.0,3944.0,3331.0,1344.0,2634.0,2225.0,3472.0,4068.0,2489.0,1269.0,3388.0,2538.0,946.0,1408.0,844.0,890.0,34.0,0.0,0.0,0.0,0.0,0.0,0.0,0.0,0.0,0.0,0.0,0.0,0.0,0.0,0.0,0.0,0.0,0.0,0.0,0.0,0.0,0.0,0.0,0.0,0.0,0.0,0.0,0.0,0.0,0.0,0.0,0.0,0.0,0.0,0.0,0.0,0.0,0.0,0.0,0.0,0.0,0.0,0.0,0.0,0.0,0.0,0.0,0.0,0.0,0.0,0.0,0.0,0.0,0.0,0.0,0.0,0.0,0.0,0.0,0.0,0.0,0.0,0.0,0.0,0.0,0.0,0.0,0.0
Sonata (HEV),승용차,수출,1391.0,1250.0,2455.0,1030.0,1022.0,1350.0,1107.0,1267.0,1583.0,1653.0,2636.0,2350.0,903.0,373.0,1286.0,1501.0,584.0,837.0,836.0,548.0,867.0,770.0,876.0,79.0,716.0,469.0,942.0,886.0,608.0,847.0,435.0,747.0,703.0,498.0,837.0,247.0,488.0,150.0,253.0,47.0,344.0,152.0,455.0,321.0,36.0,0.0,0.0,0.0,0.0,0.0,0.0,0.0,0.0,0.0,0.0,0.0,0.0,0.0,0.0,0.0,0.0,0.0,0.0,0.0,0.0,0.0,0.0,0.0,0.0,0.0,0.0,0.0,0.0,0.0,0.0,0.0,0.0,0.0,0.0,0.0,0.0,0.0,0.0,0.0,0.0,0.0,0.0,0.0,0.0,0.0,0.0,0.0,0.0,0.0,0.0,0.0,0.0,0.0,0.0,0.0,0.0,0.0,0.0,0.0,0.0,0.0,0.0,0.0,0.0,0.0
Sonata (PHEV),승용차,수출,58.0,152.0,11.0,9.0,180.0,80.0,29.0,120.0,20.0,1.0,10.0,210.0,37.0,78.0,111.0,196.0,83.0,140.0,146.0,184.0,6.0,96.0,95.0,451.0,0.0,34.0,0.0,23.0,8.0,0.0,0.0,0.0,0.0,0.0,122.0,109.0,85.0,123.0,112.0,0.0,78.0,135.0,240.0,136.0,7.0,0.0,0.0,0.0,0.0,0.0,0.0,0.0,0.0,0.0,0.0,0.0,0.0,0.0,0.0,0.0,0.0,0.0,0.0,0.0,0.0,0.0,0.0,0.0,0.0,0.0,0.0,0.0,0.0,0.0,0.0,0.0,0.0,0.0,0.0,0.0,0.0,0.0,0.0,0.0,0.0,0.0,0.0,0.0,0.0,0.0,0.0,0.0,0.0,0.0,0.0,0.0,0.0,0.0,0.0,0.0,0.0,0.0,0.0,0.0,0.0,0.0,0.0,0.0,0.0,0.0
Sonata (DN8),승용차,수출,0.0,0.0,0.0,0.0,0.0,0.0,0.0,0.0,0.0,0.0,0.0,0.0,0.0,0.0,0.0,0.0,0.0,0.0,0.0,0.0,0.0,0.0,0.0,0.0,0.0,0.0,0.0,0.0,0.0,0.0,0.0,0.0,0.0,0.0,0.0,0.0,3.0,0.0,0.0,0.0,2.0,0.0,2556.0,1924.0,5311.0,4317.0,2118.0,1883.0,3355.0,1527.0,2274.0,1071.0,582.0,101.0,286.0,278.0,423.0,1565.0,987.0,1071.0,852.0,2693.0,2279.0,3983.0,3082.0,2496.0,2914.0,1608.0,1189.0,4592.0,2360.0,3598.0,731.0,2389.0,4320.0,5945.0,7179.0,4726.0,9696.0,8810.0,9016.0,6574.0,6312.0,6407.0,3376.0,3555.0,3890.0,3482.0,3756.0,2425.0,4104.0,2344.0,3329.0,5038.0,7335.0,6791.0,2284.0,3867.0,7148.0,8358.0,8168.0,8217.0,6193.0,4723.0,5762.0,6408.0,4521.0,7021.0,5386.0,6307.0
Sonata (DN8 HEV),승용차,수출,0.0,0.0,0.0,0.0,0.0,0.0,0.0,0.0,0.0,0.0,0.0,0.0,0.0,0.0,0.0,0.0,0.0,0.0,0.0,0.0,0.0,0.0,0.0,0.0,0.0,0.0,0.0,0.0,0.0,0.0,0.0,0.0,0.0,0.0,0.0,0.0,0.0,0.0,0.0,0.0,0.0,5.0,0.0,1.0,0.0,7.0,0.0,0.0,0.0,152.0,753.0,722.0,989.0,868.0,1598.0,1229.0,1192.0,1809.0,1210.0,1477.0,1271.0,713.0,922.0,2118.0,831.0,556.0,1080.0,830.0,814.0,828.0,874.0,703.0,229.0,582.0,736.0,789.0,533.0,624.0,968.0,998.0,994.0,550.0,1432.0,1191.0,1292.0,1029.0,1834.0,1687.0,1408.0,1099.0,1316.0,1383.0,1334.0,1846.0,1732.0,1097.0,935.0,736.0,2902.0,2584.0,2975.0,2390.0,2014.0,2378.0,1980.0,1373.0,1025.0,1577.0,1770.0,2279.0
i40 (VF),승용차,수출,3235.0,2784.0,1367.0,922.0,1640.0,1988.0,2060.0,1236.0,1461.0,2512.0,2476.0,2211.0,1687.0,2026.0,1900.0,1718.0,1514.0,1726.0,1159.0,51.0,317.0,1367.0,761.0,493.0,706.0,649.0,655.0,1010.0,551.0,100.0,21.0,233.0,637.0,441.0,353.0,156.0,258.0,249.0,554.0,220.0,298.0,27.0,1.0,0.0,0.0,0.0,0.0,0.0,0.0,0.0,0.0,0.0,0.0,0.0,0.0,0.0,0.0,0.0,0.0,0.0,0.0,0.0,0.0,0.0,0.0,0.0,0.0,0.0,0.0,0.0,0.0,0.0,0.0,0.0,0.0,0.0,0.0,0.0,0.0,0.0,0.0,0.0,0.0,0.0,0.0,0.0,0.0,0.0,0.0,0.0,0.0,0.0,0.0,0.0,0.0,0.0,0.0,0.0,0.0,0.0,0.0,0.0,0.0,0.0,0.0,0.0,0.0,0.0,0.0,0.0
Grandeur (IG),승용차,수출,0.0,0.0,0.0,0.0,0.0,0.0,0.0,0.0,0.0,0.0,0.0,0.0,5.0,4.0,266.0,308.0,309.0,294.0,403.0,387.0,742.0,305.0,1321.0,0.0,461.0,457.0,321.0,354.0,295.0,835.0,245.0,523.0,379.0,709.0,175.0,46.0,110.0,373.0,208.0,42.0,36.0,267.0,183.0,385.0,182.0,405.0,553.0,1.0,0.0,1.0,280.0,495.0,110.0,148.0,145.0,500.0,183.0,805.0,426.0,306.0,212.0,180.0,49.0,93.0,2.0,916.0,798.0,317.0,532.0,410.0,430.0,455.0,8.0,746.0,609.0,556.0,427.0,316.0,594.0,206.0,429.0,244.0,586.0,107.0,1.0,0.0,0.0,0.0,0.0,0.0,0.0,0.0,0.0,0.0,0.0,0.0,0.0,0.0,0.0,0.0,0.0,0.0,0.0,0.0,0.0,0.0,0.0,0.0,0.0,0.0
Grandeur (HG),승용차,수출,115.0,526.0,844.0,516.0,552.0,495.0,532.0,472.0,610.0,655.0,804.0,6.0,0.0,0.0,0.0,0.0,0.0,0.0,0.0,0.0,0.0,0.0,0.0,0.0,0.0,0.0,0.0,0.0,0.0,0.0,0.0,0.0,0.0,0.0,0.0,0.0,0.0,0.0,0.0,0.0,0.0,0.0,0.0,0.0,0.0,0.0,0.0,0.0,0.0,0.0,0.0,0.0,0.0,0.0,0.0,0.0,0.0,0.0,0.0,0.0,0.0,0.0,0.0,0.0,0.0,0.0,0.0,0.0,0.0,0.0,0.0,0.0,0.0,0.0,0.0,0.0,0.0,0.0,0.0,0.0,0.0,0.0,0.0,0.0,0.0,538.0,546.0,509.0,306.0,509.0,160.0,304.0,90.0,31.0,183.0,101.0,15.0,175.0,223.0,213.0,50.0,380.0,429.0,467.0,272.0,523.0,396.0,385.0,277.0,242.0
Grandeur (HEV),승용차,수출,0.0,0.0,0.0,0.0,0.0,0.0,0.0,0.0,0.0,0.0,0.0,0.0,0.0,0.0,0.0,0.0,0.0,0.0,0.0,0.0,0.0,0.0,0.0,2.0,0.0,0.0,0.0,0.0,0.0,0.0,0.0,0.0,0.0,0.0,0.0,0.0,0.0,0.0,0.0,0.0,0.0,0.0,0.0,0.0,0.0,0.0,0.0,0.0,0.0,0.0,0.0,0.0,0.0,0.0,0.0,0.0,0.0,0.0,0.0,0.0,0.0,0.0,0.0,0.0,0.0,0.0,0.0,0.0,0.0,0.0,0.0,0.0,0.0,0.0,0.0,0.0,0.0,0.0,0.0,0.0,0.0,0.0,0.0,0.0,0.0,0.0,0.0,0.0,0.0,0.0,0.0,25.0,0.0,0.0,11.0,108.0,3.0,88.0,226.0,78.0,11.0,0.0,5.0,0.0,7.0,0.0,0.0,0.0,0.0,2.0
IONIQ 6 (CE),승용차,수출,0.0,0.0,0.0,0.0,0.0,0.0,0.0,0.0,0.0,0.0,0.0,0.0,0.0,0.0,0.0,0.0,0.0,0.0,0.0,0.0,0.0,0.0,0.0,0.0,0.0,0.0,0.0,0.0,0.0,0.0,0.0,0.0,0.0,0.0,0.0,0.0,0.0,0.0,0.0,0.0,0.0,0.0,0.0,0.0,0.0,0.0,0.0,0.0,0.0,0.0,0.0,0.0,0.0,0.0,0.0,0.0,0.0,0.0,0.0,0.0,0.0,0.0,0.0,0.0,0.0,0.0,0.0,0.0,0.0,0.0,0.0,0.0,0.0,0.0,0.0,0.0,0.0,0.0,0.0,0.0,0.0,0.0,0.0,0.0,3818.0,4931.0,6261.0,3275.0,3728.0,5913.0,4065.0,3217.0,3272.0,2800.0,2572.0,1688.0,483.0,585.0,2208.0,2209.0,3292.0,2406.0,2834.0,2370.0,2719.0,814.0,1461.0,1596.0,682.0,806.0
EQ900,승용차,수출,17.0,0.0,0.0,2.0,1.0,43.0,487.0,161.0,389.0,553.0,619.0,22658.0,224.0,428.0,567.0,502.0,447.0,485.0,586.0,342.0,376.0,376.0,525.0,6208.0,137.0,272.0,176.0,93.0,274.0,360.0,90.0,100.0,21.0,174.0,627.0,203.0,0.0,0.0,0.0,0.0,0.0,0.0,0.0,0.0,0.0,0.0,0.0,0.0,0.0,0.0,0.0,0.0,0.0,0.0,0.0,0.0,0.0,0.0,0.0,0.0,0.0,0.0,0.0,0.0,0.0,0.0,0.0,0.0,0.0,0.0,0.0,0.0,0.0,0.0,0.0,1.0,0.0,2.0,12.0,2.0,0.0,12.0,0.0,3503.0,0.0,0.0,0.0,0.0,0.0,0.0,0.0,0.0,0.0,0.0,0.0,0.0,0.0,0.0,0.0,0.0,0.0,0.0,0.0,0.0,0.0,0.0,0.0,0.0,0.0,0.0
G70,승용차,수출,0.0,0.0,0.0,0.0,0.0,0.0,0.0,0.0,0.0,0.0,0.0,1959.0,0.0,0.0,0.0,1.0,6.0,0.0,2.0,11.0,0.0,2.0,20.0,653.0,40.0,389.0,467.0,253.0,926.0,1901.0,1192.0,1584.0,1783.0,2773.0,369.0,2122.0,1195.0,306.0,1379.0,888.0,1020.0,1667.0,1103.0,373.0,1301.0,519.0,712.0,743.0,885.0,87.0,1269.0,281.0,83.0,67.0,993.0,859.0,1367.0,1548.0,733.0,166.0,321.0,79.0,1916.0,1091.0,946.0,1444.0,1076.0,696.0,1258.0,929.0,1076.0,1676.0,1796.0,1034.0,1295.0,881.0,1012.0,1065.0,1247.0,919.0,1263.0,1421.0,1542.0,865.0,1201.0,1413.0,1825.0,1589.0,1452.0,1224.0,1223.0,1314.0,1182.0,1351.0,2539.0,778.0,1428.0,880.0,1565.0,1277.0,1097.0,1053.0,745.0,980.0,1281.0,967.0,1038.0,1470.0,894.0,847.0
G70 SB (IK SB),승용차,수출,0.0,0.0,0.0,0.0,0.0,0.0,0.0,0.0,0.0,0.0,0.0,0.0,0.0,0.0,0.0,0.0,0.0,0.0,0.0,0.0,0.0,0.0,0.0,0.0,0.0,0.0,0.0,0.0,0.0,0.0,0.0,0.0,0.0,0.0,0.0,0.0,0.0,0.0,0.0,0.0,0.0,0.0,0.0,0.0,0.0,0.0,0.0,0.0,0.0,0.0,0.0,0.0,0.0,0.0,0.0,0.0,0.0,0.0,0.0,0.0,0.0,0.0,0.0,0.0,0.0,0.0,0.0,0.0,0.0,0.0,0.0,0.0,0.0,0.0,0.0,1.0,2.0,3.0,2.0,17.0,10.0,20.0,21.0,22.0,21.0,5.0,33.0,12.0,27.0,2.0,8.0,0.0,13.0,39.0,7.0,16.0,10.0,20.0,30.0,11.0,5.0,8.0,0.0,1.0,0.0,20.0,8.0,8.0,11.0,13.0
G80 (RG3),승용차,수출,0.0,0.0,0.0,0.0,0.0,0.0,0.0,0.0,0.0,0.0,0.0,0.0,0.0,0.0,0.0,0.0,0.0,0.0,0.0,0.0,0.0,0.0,0.0,0.0,0.0,0.0,0.0,0.0,0.0,0.0,0.0,0.0,0.0,0.0,0.0,0.0,0.0,0.0,0.0,0.0,0.0,0.0,0.0,0.0,3.0,0.0,14.0,2.0,0.0,15.0,0.0,4.0,10.0,0.0,2.0,18.0,31.0,1861.0,2156.0,137.0,445.0,297.0,654.0,755.0,665.0,616.0,835.0,250.0,345.0,498.0,479.0,232.0,519.0,823.0,406.0,445.0,601.0,440.0,1034.0,623.0,786.0,571.0,658.0,267.0,581.0,529.0,710.0,665.0,893.0,613.0,639.0,739.0,551.0,1097.0,634.0,694.0,673.0,104.0,683.0,730.0,584.0,510.0,664.0,582.0,529.0,699.0,453.0,693.0,372.0,490.0
G80 (RG3 EV),승용차,수출,0.0,0.0,0.0,0.0,0.0,0.0,0.0,0.0,0.0,0.0,0.0,0.0,0.0,0.0,0.0,0.0,0.0,0.0,0.0,0.0,0.0,0.0,0.0,0.0,0.0,0.0,0.0,0.0,0.0,0.0,0.0,0.0,0.0,0.0,0.0,0.0,0.0,0.0,0.0,0.0,0.0,0.0,0.0,0.0,0.0,0.0,0.0,0.0,0.0,0.0,0.0,0.0,0.0,0.0,0.0,0.0,0.0,0.0,0.0,0.0,0.0,0.0,0.0,0.0,7.0,5.0,2.0,1.0,0.0,2.0,13.0,1.0,0.0,9.0,18.0,165.0,98.0,218.0,99.0,64.0,258.0,249.0,146.0,27.0,150.0,158.0,169.0,179.0,57.0,55.0,91.0,118.0,39.0,88.0,91.0,62.0,72.0,16.0,105.0,37.0,20.0,12.0,12.0,7.0,3.0,1.0,1.0,0.0,1.0,17.0
G90,승용차,수출,0.0,0.0,0.0,0.0,0.0,0.0,0.0,0.0,0.0,0.0,0.0,0.0,0.0,0.0,0.0,0.0,0.0,0.0,0.0,0.0,0.0,0.0,0.0,0.0,0.0,0.0,0.0,0.0,0.0,0.0,0.0,0.0,0.0,0.0,0.0,0.0,33.0,245.0,555.0,107.0,301.0,93.0,65.0,49.0,26.0,133.0,362.0,235.0,121.0,252.0,125.0,306.0,31.0,135.0,51.0,341.0,319.0,255.0,271.0,67.0,319.0,76.0,200.0,282.0,297.0,128.0,144.0,52.0,67.0,53.0,331.0,174.0,2.0,0.0,0.0,0.0,0.0,0.0,0.0,0.0,0.0,0.0,0.0,0.0,0.0,0.0,0.0,0.0,0.0,0.0,0.0,0.0,0.0,0.0,0.0,0.0,0.0,0.0,0.0,0.0,0.0,0.0,0.0,0.0,0.0,0.0,0.0,0.0,0.0,0.0
G90 (RS4),승용차,수출,0.0,0.0,0.0,0.0,0.0,0.0,0.0,0.0,0.0,0.0,0.0,0.0,0.0,0.0,0.0,0.0,0.0,0.0,0.0,0.0,0.0,0.0,0.0,0.0,0.0,0.0,0.0,0.0,0.0,0.0,0.0,0.0,0.0,0.0,0.0,0.0,0.0,0.0,0.0,0.0,0.0,0.0,0.0,0.0,0.0,0.0,0.0,0.0,0.0,0.0,0.0,0.0,0.0,0.0,0.0,0.0,0.0,0.0,0.0,0.0,0.0,0.0,0.0,0.0,0.0,0.0,0.0,0.0,0.0,1.0,0.0,3.0,5.0,1.0,0.0,1.0,42.0,177.0,359.0,260.0,248.0,168.0,117.0,316.0,207.0,136.0,136.0,206.0,130.0,82.0,69.0,252.0,119.0,273.0,240.0,171.0,259.0,44.0,107.0,165.0,237.0,307.0,198.0,148.0,153.0,140.0,138.0,184.0,144.0,151.0
Casper (AX),휴양용 차량,수출,0.0,0.0,0.0,0.0,0.0,0.0,0.0,0.0,0.0,0.0,0.0,0.0,0.0,0.0,0.0,0.0,0.0,0.0,0.0,0.0,0.0,0.0,0.0,0.0,0.0,0.0,0.0,0.0,0.0,0.0,0.0,0.0,0.0,0.0,0.0,0.0,0.0,0.0,0.0,0.0,0.0,0.0,0.0,0.0,0.0,0.0,0.0,0.0,0.0,0.0,0.0,0.0,0.0,0.0,0.0,0.0,0.0,0.0,0.0,0.0,0.0,0.0,0.0,0.0,0.0,0.0,0.0,0.0,0.0,0.0,0.0,0.0,0.0,0.0,0.0,0.0,0.0,0.0,0.0,0.0,0.0,0.0,0.0,0.0,0.0,0.0,0.0,0.0,0.0,0.0,0.0,0.0,0.0,0.0,0.0,0.0,0.0,0.0,0.0,0.0,2.0,0.0,0.0,0.0,0.0,0.0,0.0,0.0,0.0,0.0
Casper EV (AX EV),휴양용 차량,수출,0.0,0.0,0.0,0.0,0.0,0.0,0.0,0.0,0.0,0.0,0.0,0.0,0.0,0.0,0.0,0.0,0.0,0.0,0.0,0.0,0.0,0.0,0.0,0.0,0.0,0.0,0.0,0.0,0.0,0.0,0.0,0.0,0.0,0.0,0.0,0.0,0.0,0.0,0.0,0.0,0.0,0.0,0.0,0.0,0.0,0.0,0.0,0.0,0.0,0.0,0.0,0.0,0.0,0.0,0.0,0.0,0.0,0.0,0.0,0.0,0.0,0.0,0.0,0.0,0.0,0.0,0.0,0.0,0.0,0.0,0.0,0.0,0.0,0.0,0.0,0.0,0.0,0.0,0.0,0.0,0.0,0.0,0.0,0.0,0.0,0.0,0.0,0.0,0.0,0.0,0.0,0.0,0.0,0.0,0.0,0.0,0.0,0.0,0.0,0.0,3.0,5.0,1.0,0.0,2.0,881.0,3593.0,4172.0,2867.0,4154.0
Venue,휴양용 차량,수출,0.0,0.0,0.0,0.0,0.0,0.0,0.0,0.0,0.0,0.0,0.0,0.0,0.0,0.0,0.0,0.0,0.0,0.0,0.0,0.0,0.0,0.0,0.0,0.0,0.0,0.0,0.0,0.0,0.0,0.0,0.0,0.0,0.0,0.0,0.0,0.0,0.0,0.0,1.0,0.0,3.0,14.0,793.0,877.0,1231.0,7099.0,5602.0,4967.0,3397.0,1863.0,3137.0,1014.0,1449.0,2148.0,3338.0,3939.0,4067.0,4961.0,4700.0,4566.0,5348.0,4539.0,5543.0,4322.0,3401.0,4340.0,5255.0,3440.0,4559.0,4515.0,5802.0,5455.0,4950.0,4307.0,4500.0,5067.0,4975.0,5403.0,5331.0,3017.0,4811.0,5953.0,5671.0,5588.0,5273.0,5843.0,6061.0,7467.0,5955.0,5043.0,5043.0,4529.0,4019.0,4705.0,4874.0,7252.0,5930.0,3189.0,5922.0,5266.0,3712.0,4580.0,3567.0,3329.0,4949.0,5825.0,5553.0,5424.0,5314.0,6646.0
Kona (OS),휴양용 차량,수출,0.0,0.0,0.0,0.0,0.0,0.0,0.0,0.0,0.0,0.0,0.0,0.0,0.0,0.0,4.0,0.0,2.0,19.0,13.0,1782.0,10967.0,7965.0,10719.0,13747.0,12494.0,9865.0,17511.0,16974.0,14103.0,17886.0,12964.0,17880.0,16073.0,18790.0,18913.0,17145.0,15763.0,12871.0,18805.0,19892.0,17987.0,16790.0,18679.0,16920.0,13513.0,25087.0,18675.0,17695.0,15392.0,8090.0,17262.0,9920.0,5441.0,15498.0,19461.0,6851.0,16354.0,18184.0,17655.0,16303.0,13315.0,15811.0,14540.0,13023.0,7996.0,8694.0,10395.0,11434.0,13378.0,13725.0,12041.0,12283.0,10691.0,9958.0,11442.0,10651.0,11205.0,5252.0,11062.0,9666.0,11144.0,11709.0,12681.0,14283.0,8347.0,9277.0,9179.0,8510.0,10064.0,6556.0,5088.0,486.0,0.0,0.0,0.0,0.0,0.0,0.0,0.0,0.0,0.0,0.0,0.0,0.0,0.0,0.0,0.0,0.0,0.0,0.0
Kona (OS HEV),휴양용 차량,수출,0.0,0.0,0.0,0.0,0.0,0.0,0.0,0.0,0.0,0.0,0.0,0.0,0.0,0.0,0.0,0.0,0.0,0.0,0.0,0.0,0.0,0.0,0.0,0.0,0.0,0.0,0.0,0.0,0.0,0.0,0.0,0.0,0.0,0.0,0.0,0.0,2.0,0.0,0.0,1.0,0.0,471.0,3039.0,2409.0,2872.0,2729.0,3172.0,3611.0,2606.0,1840.0,3201.0,1740.0,2448.0,3285.0,3490.0,1113.0,1761.0,2694.0,3145.0,2677.0,3291.0,3083.0,3645.0,2341.0,1466.0,586.0,532.0,556.0,1171.0,1980.0,1316.0,2728.0,3844.0,2921.0,2964.0,1777.0,2873.0,1917.0,2667.0,3146.0,2566.0,2452.0,2820.0,2433.0,1668.0,2110.0,2261.0,2767.0,166.0,27.0,0.0,0.0,0.0,0.0,0.0,0.0,0.0,0.0,0.0,0.0,0.0,0.0,0.0,0.0,0.0,0.0,0.0,0.0,0.0,0.0
Kona (OS EV),휴양용 차량,수출,0.0,0.0,0.0,0.0,0.0,0.0,0.0,0.0,0.0,0.0,0.0,0.0,0.0,0.0,0.0,0.0,0.0,0.0,0.0,0.0,0.0,0.0,0.0,0.0,0.0,6.0,4.0,2.0,24.0,1120.0,458.0,308.0,763.0,2144.0,2502.0,4263.0,2686.0,1935.0,3048.0,2674.0,2588.0,2594.0,2814.0,2187.0,2490.0,3906.0,3281.0,3686.0,3321.0,2066.0,3662.0,3486.0,4321.0,5627.0,5555.0,1582.0,5997.0,5767.0,3718.0,3561.0,2808.0,2047.0,2573.0,1859.0,1589.0,1057.0,1317.0,1107.0,1486.0,1941.0,1616.0,1414.0,1525.0,1273.0,899.0,2193.0,2325.0,1709.0,2384.0,1966.0,2479.0,2707.0,2786.0,3604.0,2299.0,3323.0,3115.0,2748.0,991.0,3437.0,2149.0,200.0,124.0,2.0,0.0,0.0,0.0,0.0,0.0,0.0,0.0,0.0,0.0,0.0,0.0,0.0,0.0,40.0,0.0,0.0
Kona (OS N),휴양용 차량,수출,0.0,0.0,0.0,0.0,0.0,0.0,0.0,0.0,0.0,0.0,0.0,0.0,0.0,0.0,0.0,0.0,0.0,0.0,0.0,0.0,0.0,0.0,0.0,0.0,0.0,0.0,0.0,0.0,0.0,0.0,0.0,0.0,0.0,0.0,0.0,0.0,20798.0,16130.0,21957.0,23796.0,21157.0,26919.0,21069.0,20814.0,11449.0,20548.0,21066.0,22748.0,0.0,0.0,0.0,0.0,0.0,0.0,0.0,0.0,0.0,0.0,0.0,0.0,1.0,0.0,7.0,1.0,0.0,356.0,250.0,314.0,72.0,280.0,443.0,461.0,600.0,421.0,383.0,544.0,607.0,470.0,528.0,854.0,497.0,471.0,569.0,766.0,662.0,901.0,454.0,608.0,86.0,57.0,0.0,0.0,0.0,0.0,0.0,0.0,0.0,0.0,0.0,0.0,0.0,0.0,0.0,0.0,0.0,0.0,0.0,0.0,0.0,0.0
Kona (SX2),휴양용 차량,수출,0.0,0.0,0.0,0.0,0.0,0.0,0.0,0.0,0.0,0.0,0.0,0.0,0.0,0.0,0.0,0.0,0.0,0.0,0.0,0.0,0.0,0.0,0.0,0.0,0.0,0.0,0.0,0.0,0.0,0.0,0.0,0.0,0.0,0.0,0.0,0.0,0.0,0.0,0.0,0.0,0.0,0.0,0.0,0.0,0.0,0.0,0.0,0.0,0.0,0.0,0.0,0.0,0.0,0.0,0.0,0.0,0.0,0.0,0.0,0.0,0.0,0.0,0.0,0.0,0.0,0.0,0.0,0.0,0.0,0.0,0.0,0.0,0.0,0.0,0.0,0.0,0.0,0.0,0.0,0.0,0.0,0.0,0.0,0.0,0.0,2.0,0.0,1064.0,5040.0,5057.0,6481.0,13311.0,12746.0,15416.0,15824.0,15437.0,14861.0,12539.0,11660.0,12371.0,10379.0,9745.0,9697.0,11445.0,10972.0,11456.0,7651.0,14021.0,12202.0,13509.0
Kona (SX2 HEV),휴양용 차량,수출,0.0,0.0,0.0,0.0,0.0,0.0,0.0,0.0,0.0,0.0,0.0,0.0,0.0,0.0,0.0,0.0,0.0,0.0,0.0,0.0,0.0,0.0,0.0,0.0,0.0,0.0,0.0,0.0,0.0,0.0,0.0,0.0,0.0,0.0,0.0,0.0,0.0,0.0,0.0,0.0,0.0,0.0,0.0,0.0,0.0,0.0,0.0,0.0,0.0,0.0,0.0,0.0,0.0,0.0,0.0,0.0,0.0,0.0,0.0,0.0,0.0,0.0,0.0,0.0,0.0,0.0,0.0,0.0,0.0,0.0,0.0,0.0,0.0,0.0,0.0,0.0,0.0,0.0,0.0,0.0,0.0,0.0,0.0,0.0,1.0,0.0,1.0,622.0,5399.0,4588.0,2779.0,3451.0,3199.0,4003.0,2819.0,3523.0,3858.0,4965.0,6716.0,7186.0,6871.0,6328.0,5751.0,5191.0,5074.0,6525.0,5300.0,6588.0,6421.0,5470.0
Kona (SX2 EV),휴양용 차량,수출,0.0,0.0,0.0,0.0,0.0,0.0,0.0,0.0,0.0,0.0,0.0,0.0,0.0,0.0,0.0,0.0,0.0,0.0,0.0,0.0,0.0,0.0,0.0,0.0,0.0,0.0,0.0,0.0,0.0,0.0,0.0,0.0,0.0,0.0,0.0,0.0,0.0,0.0,0.0,0.0,0.0,0.0,0.0,0.0,0.0,0.0,0.0,0.0,0.0,0.0,0.0,0.0,0.0,0.0,0.0,0.0,0.0,0.0,0.0,0.0,0.0,0.0,0.0,0.0,0.0,0.0,0.0,0.0,0.0,0.0,0.0,0.0,0.0,0.0,0.0,0.0,0.0,0.0,0.0,0.0,0.0,0.0,0.0,0.0,0.0,0.0,15.0,0.0,3.0,1.0,0.0,81.0,172.0,1962.0,1974.0,1602.0,1513.0,1298.0,1407.0,1698.0,1400.0,1665.0,1126.0,726.0,1066.0,782.0,692.0,1729.0,1680.0,853.0
Tucson (TL),휴양용 차량,수출,11303.0,14657.0,18542.0,16340.0,15845.0,17651.0,15697.0,7663.0,8591.0,15254.0,17900.0,9.0,16930.0,19052.0,21692.0,21157.0,19627.0,23781.0,17857.0,7523.0,14386.0,15399.0,22299.0,0.0,17781.0,16358.0,21867.0,21835.0,18090.0,20253.0,17408.0,16662.0,15637.0,21223.0,22060.0,18963.0,20798.0,16130.0,21957.0,23796.0,21157.0,26919.0,21069.0,20814.0,11449.0,20548.0,21066.0,22748.0,14964.0,13026.0,20065.0,5358.0,3106.0,11645.0,21385.0,16225.0,15643.0,16529.0,14470.0,12117.0,10618.0,1233.0,5.0,3.0,0.0,0.0,0.0,0.0,0.0,0.0,0.0,0.0,0.0,0.0,0.0,0.0,0.0,0.0,0.0,0.0,0.0,0.0,0.0,0.0,0.0,0.0,0.0,0.0,0.0,0.0,0.0,0.0,0.0,0.0,0.0,0.0,0.0,0.0,0.0,0.0,0.0,0.0,0.0,0.0,0.0,0.0,0.0,0.0,0.0,0.0
Tucson (NX4),휴양용 차량,수출,0.0,0.0,0.0,0.0,0.0,0.0,0.0,0.0,0.0,0.0,0.0,0.0,0.0,0.0,0.0,0.0,0.0,0.0,0.0,0.0,0.0,0.0,0.0,0.0,0.0,0.0,0.0,0.0,0.0,0.0,0.0,0.0,0.0,0.0,0.0,0.0,0.0,0.0,0.0,0.0,0.0,0.0,0.0,0.0,0.0,0.0,0.0,0.0,0.0,0.0,1.0,0.0,0.0,0.0,3.0,0.0,12.0,0.0,0.0,5.0,14.0,2781.0,8350.0,8840.0,7708.0,7038.0,8488.0,4467.0,4205.0,7415.0,6517.0,7137.0,3165.0,4953.0,5070.0,8966.0,8048.0,6657.0,5744.0,7102.0,6883.0,6793.0,8661.0,7201.0,7372.0,6623.0,6365.0,7256.0,6755.0,7315.0,7646.0,6811.0,5856.0,8753.0,7575.0,6577.0,5214.0,5082.0,5459.0,4811.0,2781.0,3661.0,2942.0,3679.0,3624.0,3254.0,3728.0,3353.0,2558.0,2691.0
Tucson (NX4 HEV),휴양용 차량,수출,0.0,0.0,0.0,0.0,0.0,0.0,0.0,0.0,0.0,0.0,0.0,0.0,0.0,0.0,0.0,0.0,0.0,0.0,0.0,0.0,0.0,0.0,0.0,0.0,0.0,0.0,0.0,0.0,0.0,0.0,0.0,0.0,0.0,0.0,0.0,0.0,0.0,0.0,0.0,0.0,0.0,0.0,0.0,0.0,0.0,0.0,0.0,0.0,0.0,0.0,0.0,0.0,1.0,0.0,1.0,0.0,4.0,0.0,0.0,1.0,0.0,401.0,3758.0,2614.0,1348.0,2027.0,2961.0,2160.0,2012.0,3513.0,3627.0,3780.0,2175.0,1738.0,1874.0,2351.0,3395.0,3269.0,2808.0,2918.0,3424.0,3959.0,3724.0,3785.0,3396.0,4614.0,4235.0,3758.0,4471.0,4711.0,3804.0,3800.0,3428.0,4124.0,3810.0,5843.0,6998.0,7566.0,6888.0,7233.0,8475.0,7319.0,7315.0,8864.0,8868.0,7947.0,7121.0,8953.0,5908.0,7299.0
Tucson (NX4 PHEV),휴양용 차량,수출,0.0,0.0,0.0,0.0,0.0,0.0,0.0,0.0,0.0,0.0,0.0,0.0,0.0,0.0,0.0,0.0,0.0,0.0,0.0,0.0,0.0,0.0,0.0,0.0,0.0,0.0,0.0,0.0,0.0,0.0,0.0,0.0,0.0,0.0,0.0,0.0,0.0,0.0,0.0,0.0,0.0,0.0,0.0,0.0,0.0,0.0,0.0,0.0,0.0,0.0,0.0,0.0,0.0,0.0,0.0,0.0,0.0,0.0,0.0,0.0,3.0,0.0,0.0,0.0,2.0,0.0,0.0,222.0,487.0,615.0,584.0,462.0,361.0,399.0,293.0,384.0,611.0,598.0,40.0,267.0,112.0,0.0,49.0,127.0,503.0,964.0,949.0,1001.0,1065.0,1009.0,867.0,920.0,837.0,984.0,995.0,1158.0,944.0,966.0,917.0,1104.0,980.0,931.0,851.0,849.0,530.0,440.0,827.0,697.0,851.0,954.0
Tucson (LMFC),휴양용 차량,수출,7.0,17.0,13.0,4.0,15.0,21.0,16.0,15.0,10.0,12.0,24.0,6159.0,31.0,31.0,8.0,22.0,13.0,34.0,8.0,13.0,5.0,7.0,0.0,2471.0,0.0,0.0,0.0,0.0,0.0,0.0,0.0,0.0,0.0,0.0,0.0,0.0,0.0,0.0,0.0,0.0,0.0,0.0,0.0,0.0,0.0,0.0,0.0,0.0,0.0,0.0,0.0,0.0,0.0,0.0,0.0,0.0,0.0,0.0,0.0,0.0,0.0,0.0,0.0,0.0,0.0,0.0,0.0,0.0,0.0,0.0,0.0,0.0,0.0,0.0,0.0,0.0,0.0,0.0,0.0,0.0,0.0,0.0,0.0,0.0,0.0,0.0,0.0,0.0,0.0,0.0,0.0,0.0,0.0,0.0,0.0,0.0,0.0,0.0,0.0,0.0,0.0,0.0,0.0,0.0,0.0,0.0,0.0,0.0,0.0,0.0
NEXO(FE),휴양용 차량,수출,0.0,0.0,0.0,0.0,0.0,0.0,0.0,0.0,0.0,0.0,0.0,0.0,0.0,0.0,0.0,0.0,0.0,0.0,0.0,0.0,0.0,0.0,0.0,0.0,9.0,2.0,8.0,0.0,0.0,25.0,29.0,27.0,7.0,65.0,22.0,28.0,64.0,36.0,73.0,99.0,52.0,78.0,80.0,39.0,54.0,61.0,65.0,92.0,75.0,90.0,90.0,122.0,72.0,231.0,89.0,6.0,51.0,33.0,6.0,130.0,94.0,103.0,210.0,119.0,142.0,51.0,99.0,54.0,3.0,70.0,81.0,92.0,49.0,2.0,0.0,6.0,63.0,27.0,29.0,34.0,15.0,56.0,80.0,2.0,97.0,40.0,29.0,27.0,15.0,3.0,3.0,7.0,0.0,0.0,2.0,1.0,4.0,1.0,1.0,3.0,0.0,0.0,11.0,0.0,2.0,0.0,0.0,1.0,3.0,8.0
IONIQ 5 (NE),휴양용 차량,수출,0.0,0.0,0.0,0.0,0.0,0.0,0.0,0.0,0.0,0.0,0.0,0.0,0.0,0.0,0.0,0.0,0.0,0.0,0.0,0.0,0.0,0.0,0.0,0.0,0.0,0.0,0.0,0.0,0.0,0.0,0.0,0.0,0.0,0.0,0.0,0.0,0.0,0.0,0.0,0.0,0.0,0.0,0.0,0.0,0.0,0.0,0.0,0.0,0.0,0.0,0.0,0.0,0.0,0.0,0.0,0.0,0.0,0.0,0.0,0.0,5.0,3.0,6.0,3091.0,3416.0,4455.0,4621.0,3369.0,4084.0,4967.0,6872.0,8346.0,1727.0,6219.0,4477.0,6881.0,6076.0,3742.0,5551.0,5842.0,6093.0,6366.0,7940.0,9554.0,6989.0,7845.0,7474.0,7474.0,8242.0,7723.0,7215.0,6725.0,6260.0,7669.0,7268.0,7403.0,7561.0,6133.0,7385.0,6397.0,7928.0,6086.0,7281.0,3654.0,6314.0,5011.0,2005.0,2472.0,2743.0,2285.0
IONIQ 5 N (NE N),휴양용 차량,수출,0.0,0.0,0.0,0.0,0.0,0.0,0.0,0.0,0.0,0.0,0.0,0.0,0.0,0.0,0.0,0.0,0.0,0.0,0.0,0.0,0.0,0.0,0.0,0.0,0.0,0.0,0.0,0.0,0.0,0.0,0.0,0.0,0.0,0.0,0.0,0.0,0.0,0.0,0.0,0.0,0.0,0.0,0.0,0.0,0.0,0.0,0.0,0.0,0.0,0.0,0.0,0.0,0.0,0.0,0.0,0.0,0.0,0.0,0.0,0.0,0.0,0.0,0.0,0.0,0.0,0.0,0.0,0.0,0.0,0.0,0.0,0.0,0.0,0.0,0.0,0.0,0.0,0.0,0.0,0.0,0.0,0.0,0.0,0.0,0.0,0.0,0.0,0.0,0.0,0.0,10.0,2.0,0.0,0.0,14.0,954.0,980.0,880.0,1007.0,851.0,296.0,365.0,311.0,290.0,375.0,496.0,231.0,294.0,216.0,84.0
IONIQ New Car (ME),휴양용 차량,수출,0.0,0.0,0.0,0.0,0.0,0.0,0.0,0.0,0.0,0.0,0.0,0.0,0.0,0.0,0.0,0.0,0.0,0.0,0.0,0.0,0.0,0.0,0.0,0.0,0.0,0.0,0.0,0.0,0.0,0.0,0.0,0.0,0.0,0.0,0.0,0.0,0.0,0.0,0.0,0.0,0.0,0.0,0.0,0.0,0.0,0.0,0.0,0.0,0.0,0.0,0.0,0.0,0.0,0.0,0.0,0.0,0.0,0.0,0.0,0.0,0.0,0.0,0.0,0.0,0.0,0.0,0.0,0.0,0.0,0.0,0.0,0.0,0.0,0.0,0.0,0.0,0.0,0.0,0.0,0.0,0.0,0.0,0.0,0.0,0.0,0.0,0.0,0.0,0.0,0.0,0.0,0.0,0.0,0.0,0.0,0.0,0.0,0.0,0.0,0.0,0.0,1.0,2.0,1.0,0.0,2.0,1.0,1.0,0.0,0.0
Santa0Fe (DM),휴양용 차량,수출,3340.0,3853.0,5603.0,4498.0,4971.0,5200.0,4498.0,3792.0,4092.0,4762.0,6586.0,6004.0,3374.0,4702.0,5690.0,5480.0,5353.0,5681.0,4637.0,100.0,665.0,3035.0,5063.0,570.0,3656.0,2258.0,949.0,5.0,0.0,0.0,0.0,0.0,0.0,0.0,0.0,0.0,0.0,0.0,0.0,0.0,0.0,0.0,0.0,0.0,0.0,0.0,0.0,0.0,0.0,0.0,0.0,0.0,0.0,0.0,0.0,0.0,0.0,0.0,0.0,0.0,0.0,0.0,0.0,0.0,0.0,0.0,0.0,0.0,0.0,0.0,0.0,0.0,0.0,0.0,0.0,0.0,0.0,0.0,0.0,0.0,0.0,0.0,0.0,0.0,0.0,0.0,0.0,0.0,0.0,0.0,0.0,0.0,0.0,0.0,0.0,0.0,0.0,0.0,0.0,0.0,0.0,0.0,0.0,0.0,0.0,0.0,0.0,0.0,0.0,0.0
Santa0Fe (TM),휴양용 차량,수출,0.0,0.0,0.0,0.0,0.0,0.0,0.0,0.0,0.0,0.0,0.0,0.0,0.0,0.0,0.0,0.0,0.0,0.0,0.0,0.0,0.0,0.0,0.0,0.0,4.0,26.0,13.0,593.0,4422.0,2997.0,2535.0,4542.0,4771.0,5328.0,6167.0,3244.0,4505.0,3376.0,3208.0,3345.0,3009.0,3986.0,4551.0,4146.0,2900.0,4090.0,3723.0,4071.0,3148.0,1888.0,3492.0,2226.0,943.0,2369.0,2487.0,514.0,1039.0,1547.0,5567.0,3396.0,4031.0,3671.0,3108.0,2803.0,2708.0,3050.0,2371.0,2011.0,2329.0,1938.0,2996.0,4365.0,2962.0,1959.0,1788.0,2437.0,2501.0,2516.0,2550.0,2468.0,2382.0,2626.0,3187.0,2492.0,1554.0,2003.0,2408.0,3513.0,3913.0,4445.0,3238.0,2710.0,80.0,4.0,1.0,21.0,0.0,0.0,0.0,0.0,0.0,0.0,0.0,0.0,0.0,0.0,0.0,0.0,0.0,0.0
Santa0Fe (TM HEV),휴양용 차량,수출,0.0,0.0,0.0,0.0,0.0,0.0,0.0,0.0,0.0,0.0,0.0,0.0,0.0,0.0,0.0,0.0,0.0,0.0,0.0,0.0,0.0,0.0,0.0,0.0,0.0,0.0,0.0,0.0,0.0,0.0,0.0,0.0,0.0,0.0,0.0,0.0,0.0,0.0,0.0,0.0,0.0,0.0,0.0,0.0,0.0,0.0,0.0,0.0,0.0,0.0,0.0,1.0,0.0,0.0,5.0,0.0,369.0,1387.0,406.0,423.0,1455.0,249.0,2331.0,1580.0,2047.0,668.0,1108.0,410.0,593.0,1375.0,948.0,966.0,814.0,910.0,897.0,681.0,1287.0,1425.0,1476.0,1227.0,1178.0,1475.0,950.0,586.0,1145.0,842.0,1296.0,1398.0,1121.0,1032.0,1186.0,995.0,499.0,258.0,0.0,0.0,0.0,0.0,0.0,0.0,0.0,0.0,0.0,0.0,0.0,0.0,0.0,0.0,0.0,0.0
Santa0Fe (TM PHEV),휴양용 차량,수출,0.0,0.0,0.0,0.0,0.0,0.0,0.0,0.0,0.0,0.0,0.0,0.0,0.0,0.0,0.0,0.0,0.0,0.0,0.0,0.0,0.0,0.0,0.0,0.0,0.0,0.0,0.0,0.0,0.0,0.0,0.0,0.0,0.0,0.0,0.0,0.0,0.0,0.0,0.0,0.0,0.0,0.0,0.0,0.0,0.0,0.0,0.0,0.0,0.0,0.0,0.0,0.0,0.0,0.0,0.0,0.0,0.0,0.0,0.0,6.0,286.0,426.0,1171.0,546.0,582.0,476.0,1142.0,934.0,886.0,1118.0,977.0,966.0,815.0,775.0,522.0,748.0,1076.0,1006.0,174.0,444.0,296.0,334.0,349.0,499.0,539.0,1317.0,1200.0,1257.0,1310.0,1848.0,1381.0,1108.0,823.0,408.0,4.0,19.0,0.0,0.0,0.0,0.0,0.0,0.0,0.0,0.0,0.0,0.0,0.0,0.0,0.0,0.0
Santa0Fe (Long),휴양용 차량,수출,4674.0,4268.0,5441.0,4839.0,4275.0,4917.0,4640.0,2239.0,3112.0,4635.0,5646.0,5620.0,4814.0,5446.0,6056.0,5577.0,5880.0,6041.0,5507.0,3241.0,3500.0,2071.0,948.0,2877.0,819.0,223.0,287.0,282.0,160.0,787.0,2072.0,1889.0,2985.0,3661.0,4196.0,37.0,0.0,0.0,0.0,0.0,0.0,0.0,0.0,0.0,0.0,0.0,0.0,0.0,0.0,0.0,0.0,0.0,0.0,0.0,0.0,0.0,0.0,0.0,0.0,0.0,0.0,0.0,0.0,0.0,0.0,0.0,0.0,0.0,0.0,0.0,0.0,0.0,0.0,0.0,0.0,0.0,0.0,0.0,0.0,0.0,0.0,0.0,0.0,0.0,0.0,0.0,0.0,0.0,0.0,0.0,0.0,0.0,0.0,0.0,0.0,0.0,0.0,0.0,0.0,0.0,0.0,0.0,0.0,0.0,0.0,0.0,0.0,0.0,0.0,0.0
Santa0Fe (MX5),휴양용 차량,수출,0.0,0.0,0.0,0.0,0.0,0.0,0.0,0.0,0.0,0.0,0.0,0.0,0.0,0.0,0.0,0.0,0.0,0.0,0.0,0.0,0.0,0.0,0.0,0.0,0.0,0.0,0.0,0.0,0.0,0.0,0.0,0.0,0.0,0.0,0.0,0.0,0.0,0.0,0.0,0.0,0.0,0.0,0.0,0.0,0.0,0.0,0.0,0.0,0.0,0.0,0.0,0.0,0.0,0.0,0.0,0.0,0.0,0.0,0.0,0.0,0.0,0.0,0.0,0.0,0.0,0.0,0.0,0.0,0.0,0.0,0.0,0.0,0.0,0.0,0.0,0.0,0.0,0.0,0.0,0.0,0.0,0.0,0.0,0.0,0.0,0.0,0.0,0.0,0.0,0.0,0.0,1.0,5.0,0.0,5.0,628.0,1714.0,1885.0,982.0,1244.0,799.0,1801.0,1024.0,1569.0,1866.0,1304.0,1231.0,1661.0,972.0,1153.0
Santa0Fe (MX5 HEV),휴양용 차량,수출,0.0,0.0,0.0,0.0,0.0,0.0,0.0,0.0,0.0,0.0,0.0,0.0,0.0,0.0,0.0,0.0,0.0,0.0,0.0,0.0,0.0,0.0,0.0,0.0,0.0,0.0,0.0,0.0,0.0,0.0,0.0,0.0,0.0,0.0,0.0,0.0,0.0,0.0,0.0,0.0,0.0,0.0,0.0,0.0,0.0,0.0,0.0,0.0,0.0,0.0,0.0,0.0,0.0,0.0,0.0,0.0,0.0,0.0,0.0,0.0,0.0,0.0,0.0,0.0,0.0,0.0,0.0,0.0,0.0,0.0,0.0,0.0,0.0,0.0,0.0,0.0,0.0,0.0,0.0,0.0,0.0,0.0,0.0,0.0,0.0,0.0,0.0,0.0,0.0,0.0,1.0,0.0,3.0,0.0,1.0,2.0,0.0,1.0,667.0,2837.0,2339.0,2184.0,1733.0,1384.0,1899.0,1866.0,1832.0,1721.0,1648.0,1601.0
Santa0Fe (MX5 PHEV),휴양용 차량,수출,0.0,0.0,0.0,0.0,0.0,0.0,0.0,0.0,0.0,0.0,0.0,0.0,0.0,0.0,0.0,0.0,0.0,0.0,0.0,0.0,0.0,0.0,0.0,0.0,0.0,0.0,0.0,0.0,0.0,0.0,0.0,0.0,0.0,0.0,0.0,0.0,0.0,0.0,0.0,0.0,0.0,0.0,0.0,0.0,0.0,0.0,0.0,0.0,0.0,0.0,0.0,0.0,0.0,0.0,0.0,0.0,0.0,0.0,0.0,0.0,0.0,0.0,0.0,0.0,0.0,0.0,0.0,0.0,0.0,0.0,0.0,0.0,0.0,0.0,0.0,0.0,0.0,0.0,0.0,0.0,0.0,0.0,0.0,0.0,0.0,0.0,0.0,0.0,0.0,0.0,0.0,0.0,1.0,1.0,0.0,0.0,0.0,0.0,0.0,1055.0,823.0,865.0,592.0,387.0,502.0,618.0,460.0,458.0,778.0,764.0
Palisade (LX2),휴양용 차량,수출,0.0,0.0,0.0,0.0,0.0,0.0,0.0,0.0,0.0,0.0,0.0,0.0,0.0,0.0,0.0,0.0,0.0,0.0,0.0,0.0,0.0,0.0,0.0,0.0,0.0,0.0,0.0,0.0,0.0,0.0,0.0,0.0,2.0,3.0,10.0,14.0,2.0,1.0,3.0,123.0,7318.0,5891.0,5734.0,5299.0,4755.0,8570.0,8956.0,8563.0,5991.0,4832.0,7898.0,6879.0,6401.0,8211.0,9640.0,8518.0,8560.0,8202.0,8779.0,8431.0,9657.0,6652.0,9521.0,9091.0,7082.0,9401.0,8929.0,8065.0,7640.0,9235.0,10643.0,9434.0,8609.0,7531.0,9738.0,9417.0,7316.0,7800.0,9143.0,7110.0,7219.0,8296.0,9558.0,9953.0,5222.0,9456.0,10062.0,8074.0,8743.0,9340.0,9980.0,10334.0,11400.0,14805.0,13347.0,14205.0,13121.0,11883.0,10199.0,12138.0,11807.0,12215.0,9986.0,11299.0,9579.0,13682.0,13991.0,13179.0,10942.0,11228.0
Palisade (LX3),휴양용 차량,수출,0.0,0.0,0.0,0.0,0.0,0.0,0.0,0.0,0.0,0.0,0.0,0.0,0.0,0.0,0.0,0.0,0.0,0.0,0.0,0.0,0.0,0.0,0.0,0.0,0.0,0.0,0.0,0.0,0.0,0.0,0.0,0.0,0.0,0.0,0.0,0.0,0.0,0.0,0.0,0.0,0.0,0.0,0.0,0.0,0.0,0.0,0.0,0.0,0.0,0.0,0.0,0.0,0.0,0.0,0.0,0.0,0.0,0.0,0.0,0.0,0.0,0.0,0.0,0.0,0.0,0.0,0.0,0.0,0.0,0.0,0.0,0.0,0.0,0.0,0.0,0.0,0.0,0.0,0.0,0.0,0.0,0.0,0.0,0.0,0.0,0.0,0.0,0.0,0.0,0.0,0.0,0.0,0.0,0.0,0.0,0.0,0.0,0.0,0.0,0.0,0.0,0.0,0.0,0.0,0.0,0.0,0.0,0.0,3.0,0.0
Palisade (LX3 HEV),휴양용 차량,수출,0.0,0.0,0.0,0.0,0.0,0.0,0.0,0.0,0.0,0.0,0.0,0.0,0.0,0.0,0.0,0.0,0.0,0.0,0.0,0.0,0.0,0.0,0.0,0.0,0.0,0.0,0.0,0.0,0.0,0.0,0.0,0.0,0.0,0.0,0.0,0.0,0.0,0.0,0.0,0.0,0.0,0.0,0.0,0.0,0.0,0.0,0.0,0.0,0.0,0.0,0.0,0.0,0.0,0.0,0.0,0.0,0.0,0.0,0.0,0.0,0.0,0.0,0.0,0.0,0.0,0.0,0.0,0.0,0.0,0.0,0.0,0.0,0.0,0.0,0.0,0.0,0.0,0.0,0.0,0.0,0.0,0.0,0.0,0.0,0.0,0.0,0.0,0.0,0.0,0.0,0.0,0.0,0.0,0.0,0.0,0.0,0.0,0.0,0.0,0.0,0.0,0.0,0.0,0.0,0.0,0.0,0.0,0.0,1.0,4.0
GV60,휴양용 차량,수출,0.0,0.0,0.0,0.0,0.0,0.0,0.0,0.0,0.0,0.0,0.0,0.0,0.0,0.0,0.0,0.0,0.0,0.0,0.0,0.0,0.0,0.0,0.0,0.0,0.0,0.0,0.0,0.0,0.0,0.0,0.0,0.0,0.0,0.0,0.0,0.0,0.0,0.0,0.0,0.0,0.0,0.0,0.0,0.0,0.0,0.0,0.0,0.0,0.0,0.0,0.0,0.0,0.0,0.0,0.0,0.0,0.0,0.0,0.0,0.0,0.0,0.0,0.0,0.0,0.0,8.0,0.0,2.0,4.0,7.0,3.0,0.0,40.0,107.0,446.0,287.0,459.0,455.0,513.0,374.0,807.0,727.0,566.0,611.0,966.0,796.0,864.0,589.0,618.0,546.0,618.0,653.0,566.0,302.0,151.0,278.0,246.0,558.0,242.0,466.0,310.0,359.0,209.0,164.0,204.0,281.0,395.0,262.0,240.0,233.0
GV70,휴양용 차량,수출,0.0,0.0,0.0,0.0,0.0,0.0,0.0,0.0,0.0,0.0,0.0,0.0,0.0,0.0,0.0,0.0,0.0,0.0,0.0,0.0,0.0,0.0,0.0,0.0,0.0,0.0,0.0,0.0,0.0,0.0,0.0,0.0,0.0,0.0,0.0,0.0,0.0,0.0,0.0,0.0,0.0,0.0,0.0,0.0,0.0,0.0,0.0,0.0,0.0,0.0,0.0,0.0,0.0,0.0,0.0,1.0,16.0,3.0,0.0,0.0,5.0,2.0,157.0,2633.0,2092.0,1872.0,2313.0,1812.0,1556.0,2528.0,1750.0,1696.0,2143.0,2178.0,1487.0,2036.0,2146.0,2140.0,2168.0,2427.0,2140.0,2617.0,2116.0,2737.0,2190.0,3450.0,2615.0,2549.0,3207.0,1781.0,889.0,424.0,726.0,1015.0,807.0,558.0,940.0,432.0,2466.0,2612.0,1740.0,1073.0,973.0,1604.0,1906.0,2100.0,1255.0,1082.0,650.0,586.0
GV70 EV (JK EV),휴양용 차량,수출,0.0,0.0,0.0,0.0,0.0,0.0,0.0,0.0,0.0,0.0,0.0,0.0,0.0,0.0,0.0,0.0,0.0,0.0,0.0,0.0,0.0,0.0,0.0,0.0,0.0,0.0,0.0,0.0,0.0,0.0,0.0,0.0,0.0,0.0,0.0,0.0,0.0,0.0,0.0,0.0,0.0,0.0,0.0,0.0,0.0,0.0,0.0,0.0,0.0,0.0,0.0,0.0,0.0,0.0,0.0,0.0,0.0,0.0,0.0,0.0,0.0,0.0,0.0,0.0,0.0,0.0,0.0,0.0,0.0,0.0,0.0,0.0,1.0,0.0,0.0,0.0,0.0,116.0,60.0,26.0,117.0,199.0,87.0,231.0,139.0,378.0,199.0,93.0,62.0,108.0,121.0,88.0,85.0,109.0,46.0,70.0,84.0,242.0,306.0,56.0,43.0,152.0,23.0,27.0,11.0,28.0,7.0,29.0,42.0,11.0
GV80,휴양용 차량,수출,0.0,0.0,0.0,0.0,0.0,0.0,0.0,0.0,0.0,0.0,0.0,0.0,0.0,0.0,0.0,0.0,0.0,0.0,0.0,0.0,0.0,0.0,0.0,0.0,0.0,0.0,0.0,0.0,0.0,0.0,0.0,0.0,0.0,0.0,0.0,0.0,0.0,0.0,0.0,0.0,0.0,0.0,0.0,0.0,0.0,0.0,0.0,20.0,0.0,3.0,0.0,6.0,11.0,16.0,6.0,22.0,191.0,3041.0,3554.0,2091.0,2388.0,1854.0,2632.0,2771.0,1889.0,1706.0,1911.0,1583.0,1905.0,2552.0,683.0,1607.0,2026.0,1558.0,2021.0,1493.0,1891.0,1775.0,2241.0,1955.0,2059.0,1792.0,2071.0,1979.0,1884.0,1842.0,2343.0,2277.0,2472.0,2350.0,2711.0,2296.0,2072.0,3298.0,1691.0,2373.0,2410.0,1158.0,2075.0,2737.0,3042.0,2115.0,1633.0,1896.0,1068.0,2345.0,2490.0,2345.0,1984.0,2415.0
GV80 Coupe (JX Coupe),휴양용 차량,수출,0.0,0.0,0.0,0.0,0.0,0.0,0.0,0.0,0.0,0.0,0.0,0.0,0.0,0.0,0.0,0.0,0.0,0.0,0.0,0.0,0.0,0.0,0.0,0.0,0.0,0.0,0.0,0.0,0.0,0.0,0.0,0.0,0.0,0.0,0.0,0.0,0.0,0.0,0.0,0.0,0.0,0.0,0.0,0.0,0.0,0.0,0.0,0.0,0.0,0.0,0.0,0.0,0.0,0.0,0.0,0.0,0.0,0.0,0.0,0.0,0.0,0.0,0.0,0.0,0.0,0.0,0.0,0.0,0.0,0.0,0.0,0.0,0.0,0.0,0.0,0.0,0.0,0.0,0.0,0.0,0.0,0.0,0.0,0.0,0.0,0.0,0.0,0.0,0.0,0.0,0.0,0.0,0.0,0.0,0.0,0.0,0.0,22.0,149.0,453.0,472.0,295.0,278.0,320.0,278.0,374.0,303.0,399.0,370.0,444.0
LCV,상업용 차량,수출,4727.0,4774.0,5277.0,4825.0,3819.0,4051.0,3501.0,2149.0,3486.0,5195.0,5297.0,3465.0,3968.0,4784.0,5616.0,4524.0,4424.0,5028.0,4332.0,3397.0,4909.0,4506.0,4409.0,1868.0,3274.0,2728.0,3877.0,4888.0,4316.0,4613.0,4283.0,4572.0,4741.0,5775.0,5580.0,3693.0,4481.0,2961.0,5229.0,3705.0,4265.0,4233.0,3967.0,3672.0,2641.0,2728.0,2298.0,3250.0,2632.0,2430.0,2960.0,1647.0,1975.0,1428.0,2219.0,1826.0,3071.0,2720.0,4314.0,3146.0,3806.0,2814.0,4439.0,1798.0,1642.0,3086.0,2979.0,2768.0,2679.0,2506.0,2563.0,2826.0,3455.0,3013.0,2185.0,3585.0,3479.0,3503.0,2999.0,3142.0,2987.0,3586.0,3237.0,3979.0,3049.0,3696.0,3695.0,4618.0,4013.0,4252.0,4203.0,3245.0,3804.0,4094.0,3737.0,3664.0,4620.0,4742.0,4052.0,4220.0,2526.0,3370.0,2988.0,3490.0,3007.0,3552.0,3431.0,3364.0,2891.0,3593.0
HCV,상업용 차량,수출,1438.0,1206.0,1752.0,1986.0,2025.0,2520.0,2724.0,2203.0,2047.0,2906.0,3380.0,0.0,1420.0,1703.0,2100.0,2516.0,2526.0,2257.0,2220.0,1960.0,2580.0,2550.0,3160.0,0.0,1144.0,1163.0,1336.0,1332.0,1565.0,2000.0,1654.0,1830.0,1699.0,2434.0,2152.0,2466.0,1237.0,976.0,1116.0,890.0,1393.0,1189.0,1212.0,1049.0,884.0,1155.0,2124.0,1731.0,574.0,231.0,1149.0,567.0,514.0,679.0,414.0,668.0,837.0,930.0,888.0,927.0,594.0,574.0,859.0,762.0,1003.0,1027.0,892.0,660.0,705.0,1110.0,956.0,1023.0,865.0,750.0,782.0,374.0,987.0,857.0,876.0,739.0,886.0,908.0,888.0,904.0,482.0,553.0,732.0,752.0,928.0,930.0,660.0,731.0,661.0,737.0,640.0,554.0,412.0,569.0,490.0,554.0,474.0,526.0,446.0,311.0,496.0,359.0,427.0,313.0,229.0,276.0
